sample_times sdssu_median sdssu_2p5pt sdssu_97p5pt sdssu_16pt sdssu_84pt sdssu_170817_median sdssu_170817_2p5pt sdssu_170817_97p5pt sdssu_170817_16pt sdssu_170817_84pt ps1::g_median ps1::g_2p5pt ps1::g_97p5pt ps1::g_16pt ps1::g_84pt ps1::g_170817_median ps1::g_170817_2p5pt ps1::g_170817_97p5pt ps1::g_170817_16pt ps1::g_170817_84pt ps1::r_median ps1::r_2p5pt ps1::r_97p5pt ps1::r_16pt ps1::r_84pt ps1::r_170817_median ps1::r_170817_2p5pt ps1::r_170817_97p5pt ps1::r_170817_16pt ps1::r_170817_84pt ps1::i_median ps1::i_2p5pt ps1::i_97p5pt ps1::i_16pt ps1::i_84pt ps1::i_170817_median ps1::i_170817_2p5pt ps1::i_170817_97p5pt ps1::i_170817_16pt ps1::i_170817_84pt ps1::z_median ps1::z_2p5pt ps1::z_97p5pt ps1::z_16pt ps1::z_84pt ps1::z_170817_median ps1::z_170817_2p5pt ps1::z_170817_97p5pt ps1::z_170817_16pt ps1::z_170817_84pt ps1::y_median ps1::y_2p5pt ps1::y_97p5pt ps1::y_16pt ps1::y_84pt ps1::y_170817_median ps1::y_170817_2p5pt ps1::y_170817_97p5pt ps1::y_170817_16pt ps1::y_170817_84pt 2massj_median 2massj_2p5pt 2massj_97p5pt 2massj_16pt 2massj_84pt 2massj_170817_median 2massj_170817_2p5pt 2massj_170817_97p5pt 2massj_170817_16pt 2massj_170817_84pt 2massh_median 2massh_2p5pt 2massh_97p5pt 2massh_16pt 2massh_84pt 2massh_170817_median 2massh_170817_2p5pt 2massh_170817_97p5pt 2massh_170817_16pt 2massh_170817_84pt 2massks_median 2massks_2p5pt 2massks_97p5pt 2massks_16pt 2massks_84pt 2massks_170817_median 2massks_170817_2p5pt 2massks_170817_97p5pt 2massks_170817_16pt 2massks_170817_84pt
0.1 24.54968204920915 23.228931478350184 25.65289853356347 23.929992331353706 25.10078391283866 21.467104861393945 21.01528120341802 22.05160953681013 21.179994514715823 21.723547961169515 24.165607748557427 22.940199449602044 25.54772521073366 23.50096513134893 24.90028762410045 21.163636301617885 20.04167108029601 22.235133210934624 20.505921116595587 21.748432743951252 23.795153553541205 22.52336279289328 25.330339707181828 23.07358012488213 24.686262232123575 20.832823746268318 19.364737766665193 22.114943351386568 19.970319414546157 21.61110977707002 24.562741064950202 22.861562176804146 26.42616577403893 23.69890173767648 25.485145874620287 21.498166296523426 20.31387140587645 23.121588656329457 20.813243580089537 22.22021291656344 24.303796777044052 22.819796846340033 26.15578104383415 23.59920670094049 25.171065309339927 21.122778966580555 20.568222410913602 22.857007721003924 20.804192002319837 21.952368159779105 25.454648722455815 23.98424993497242 27.083808114967574 24.77103009738789 26.26086641679021 22.31507486645971 21.623931793134442 23.922172877451793 21.87248311620114 23.062079424202143 26.55192096641083 24.69033949029259 29.437531017365494 25.59139416871173 27.81516384733046 23.41990701660793 22.305933578226 26.11168219321267 22.722899624470617 24.632738726516532 24.264617684762364 21.34100821277299 27.662351541098953 22.66760295960752 25.984513926544764 21.150532068769724 19.169885928709476 24.136980780429298 19.942678583156223 22.583504478498842 31.639808076554075 28.19216513458677 36.41872378972993 29.79904599297304 33.671641104104175 28.50264762619882 25.64314860725904 33.14937651306876 26.981187942480716 30.48895508139108
0.15000000000000002 23.9400517964018 22.66171385674354 25.003422164958927 23.341178258567727 24.48503124199919 20.872174754672898 20.405281407476416 21.353083723561582 20.580469705359867 21.120558839783 23.50631708473327 22.32883536059246 24.831454992970095 22.873982829052697 24.208480109991463 20.501910195103697 19.479951188454766 21.451345107875305 19.895145586033887 21.051136847180477 23.188932170420678 21.989042352310594 24.654923466832706 22.505532393804582 24.02700445086537 20.216129584458102 18.939443540734583 21.344022517196887 19.444786594711168 20.925313459398502 23.810831542973933 22.243692505525722 25.41351884304153 23.03325064123092 24.60988307404725 20.741206999962664 19.773428565633637 22.049335050376282 20.173815589100585 21.312972742838397 23.70092985678106 22.264061425578795 25.248497657550132 23.028504866944658 24.42709779883557 20.521681229759967 20.07918188938585 21.889883124951464 20.26165688368654 21.17141780067598 24.713490055687316 23.345059452914363 26.142150688489473 24.078686488874347 25.41135685628082 21.575315284692422 21.007928973497517 22.912918021911953 21.217856011579993 22.18829551680624 25.560365455909817 23.86849443057515 27.910610588596917 24.710192960907214 26.589546143121947 22.4314906526338 21.55608758980668 24.55951866333998 21.871360137706592 23.372030447270095 23.802746269237378 21.245709342399866 26.69154424035208 22.406106577018498 25.25917064750967 20.680130182645353 19.076003335801047 23.15676825452841 19.68428793503996 21.856514533595682 29.678936810394358 26.725580987934816 33.738016028533906 28.108637674893846 31.3977339079481 26.53652665583458 24.270041385835103 30.450662448755196 25.322009733263044 28.189352661650375
0.20000000000000004 23.324834957047255 22.07644628354693 24.39482283214934 22.74897866490625 23.87177783929263 20.266830589406965 19.78495097154215 20.705055436494508 19.96760330237267 20.53988386610303 22.844424985173113 21.6868196010408 24.127204869984304 22.23843287209964 23.52618711250643 19.830582723301973 18.91571618295414 20.681085465187316 19.2756595178826 20.359646214297165 22.58797871378828 21.410495706884593 23.982303692199988 21.939407047503252 23.36953810284163 19.599545491803973 18.511891201741687 20.577415227376374 18.913633471696453 20.239708978515825 23.053440261400812 21.608843495493765 24.438267763337702 22.351855650481127 23.747332210354656 19.980192917133756 19.229221184563194 20.95937980290309 19.535744219782252 20.41313924155795 23.087981704248904 21.69766073119777 24.372288756479673 22.447881679674072 23.709045599753782 19.92855138827671 19.57983680833791 20.924015345185836 19.70614581288953 20.386420686413544 23.9709101630065 22.69624461780987 25.204432053344757 23.392151657456797 24.565704025732217 20.84035517109901 20.370757730407856 21.903016365844913 20.55745968588677 21.321045465133118 24.528819958344435 23.00533920283263 26.357248371761028 23.77737998705187 25.347434698972982 21.395286668513624 20.77397434380003 22.930251296293957 20.97620869416076 22.07327026602646 23.306661226313658 21.110519331235654 25.70066453118711 22.135754821601207 24.51998177767528 20.19184266762614 18.96107342035766 22.145749705854602 19.40956442897992 21.112915744687637 27.71798227174952 25.233442926735744 31.107850750217107 26.395892980398788 29.13467293369767 24.571134910805252 22.87116888709035 27.72892924845326 23.660838090746065 25.854215552969688
0.25000000000000006 22.709293623193965 21.48950406780504 23.807061685560114 22.141815813820823 23.27297335743277 19.65205720769685 19.15156625620277 20.11362100342781 19.33070221248832 19.96322523648429 22.183505033315804 21.02957953829209 23.451441889621137 21.595191197912186 22.85496279972429 19.163324335706456 18.349965158821874 19.93735083146986 18.648900419667722 19.67438375353942 21.97660582049646 20.764723383269985 23.325990019351533 21.35688586117529 22.71043919553882 18.9699860446297 18.07718422343852 19.806050852170326 18.36106071837259 19.54544543997634 22.268188761730745 20.91286641640831 23.49783544352637 21.623664744251016 22.896497608029847 19.19696116992174 18.63606208556092 19.89540690252375 18.853496942523837 19.527740318067146 22.403526562833402 21.100128130176632 23.506157591290556 21.792699013383395 22.94336102577301 19.286885838074408 18.97355014411902 19.936570141284502 19.082383075014786 19.560193162632416 23.179634701291352 21.99906955490244 24.25401748739568 22.649263842448523 23.69957787310335 20.0728472254483 19.651544356793146 20.86467677460339 19.833898462307026 20.422026541251036 23.437419705832756 22.08295738728246 24.76905933841528 22.794674997879294 24.06973938512151 20.306402071975704 19.936758863873585 21.268760880018437 20.03153283637436 20.734456921933308 22.81408721242016 20.984128818455364 24.744287263294 21.84467540817045 23.781201537018223 19.707695240574644 18.8328816068881 21.16400495356998 19.134333595871116 20.371930372206542 25.76835528026039 23.67160274072875 28.509910381981374 24.65494907745522 26.94257748631683 22.60961540769194 21.48314222203861 25.04791748397221 21.995118091267294 23.564281197084306
0.30000000000000004 22.08605768364245 20.884468076615814 23.23635724653078 21.529412619303887 22.68087521362021 19.04627152749685 18.500337139522046 19.56474583778092 18.672490598473363 19.39083404218379 21.52432203307186 20.35502577046516 22.790295757502616 20.946388631435354 22.188225016033776 18.498503752389475 17.785166670251286 19.218336674536626 18.008051048854472 18.995707372163928 21.365379044658418 20.101498095271406 22.669206734799747 20.749596881973634 22.05649185689569 18.341946355595148 17.6204734547395 19.049129169876526 17.79625511624733 18.847673883307813 21.480331821760274 20.18692329399828 22.613409581333 20.86897438721569 22.058211204080163 18.40774289467356 18.016832764743434 18.874817137367398 18.12913409487629 18.675274396825706 21.69139881863816 20.455838551538253 22.720648553756934 21.117166392207952 22.212273920241287 18.61421662430441 18.273336513826713 19.00391537429858 18.404689553160967 18.803465065491665 22.377143487810464 21.274565121849733 23.34275771214784 21.888201682025702 22.83506136692833 19.28143925945053 18.90221866049308 19.86955622553366 19.08292839581332 19.546814917794535 22.31224601173168 21.110793335631527 23.33055678690822 21.766502019793997 22.81266496031348 19.192846986546442 18.999004736565418 19.700406190788534 19.06182918109245 19.428416804513173 22.32381063166595 20.836038698933667 23.803426477682464 21.5542692969646 23.06282624727111 19.216105827893994 18.678550530690323 20.203955252744993 18.855848588965337 19.643317998874938 23.821234499161235 21.97815736852201 26.03435740768312 22.862015648567077 24.82239435996579 20.630444770820823 20.024786393295763 22.493734711769036 20.297175554495112 21.36670816011238
0.3500000000000001 21.86378166041947 20.729356871097714 22.98473106513342 21.334623672818772 22.448047470553234 18.839886264064727 18.2324138170672 19.372110877949694 18.42410974976061 19.199505942855883 21.248690198735794 20.11770876388534 22.472049020912895 20.686888981596162 21.89990816565719 18.229524888912465 17.49702069216733 18.955481060342777 17.709150558956622 18.72204352558052 21.070907457907097 19.849316483977237 22.30316915973726 20.478215197104312 21.727779653571623 18.048773847766526 17.354383808359675 18.712188773661403 17.518690519889258 18.52474420582405 21.145563753715454 19.93032381526359 22.17467545774469 20.586555536656746 21.677838723953112 18.08256211670287 17.699595963189577 18.45422440903153 17.811590200523316 18.32216116037243 21.365124925155495 20.178934122047806 22.332504616650468 20.824685811990044 21.85585560279842 18.299652856012777 17.94314061083861 18.600413787729007 18.072579707232233 18.4807265591607 21.97708418631872 20.937240277401635 22.861615334846032 21.51929516443145 22.400299218359475 18.882985175931708 18.516397244163215 19.42899537885851 18.692393647530125 19.12634375932792 21.85682799958972 20.758303338706007 22.73965744067189 21.36572816293032 22.29790853923074 18.736642195661343 18.53114159053617 19.258418757316875 18.60499835659452 18.950270678771247 22.519947015413084 21.284229320658227 23.676163976024526 21.90732438589307 23.08454965762057 19.40589053528178 19.044887457331257 20.161404928982996 19.17921239863873 19.703632479706997 23.084541054927165 21.480246682715237 24.93804664253988 22.272800492156545 23.935777109890616 19.900906130131396 19.532258971232288 21.39471267704969 19.704989474753248 20.47381341867239
0.40000000000000013 21.761106251640214 20.63084688299786 22.875575254281895 21.23107407470294 22.343984138461295 18.73783311331443 18.1042388375322 19.297985817746774 18.305921898150054 19.111590667502238 21.079305960124273 19.953374008482157 22.291806190749693 20.51255944642009 21.734736441219887 18.06425561781262 17.306213687579255 18.802805209405665 17.522572424107324 18.562649518288392 20.863591212479438 19.667033510847972 22.062000302091803 20.28377386106909 21.503280619161803 17.840880710272607 17.15530156527867 18.483882765053128 17.326373331605794 18.296989652090797 20.941349018092616 19.747105071777916 21.93696375567145 20.393972338927934 21.455044569043537 17.884868620297723 17.482243645475833 18.204755373575157 17.62394535289986 18.100846818533814 21.15263069432665 19.96691510310865 22.099766832393627 20.613316722037816 21.63083062724654 18.087671442184387 17.751909000566748 18.33308253469455 17.877671229819445 18.247695260834597 21.69352090532499 20.6447268159132 22.55676460596928 21.234490227087107 22.115108142190486 18.601417816137964 18.27136005980713 19.092325891297673 18.42734697128176 18.81756025709134 21.59282925161284 20.493351348654087 22.48157671639956 21.09995628942624 22.03335756611564 18.47375966803028 18.269862304997634 18.991678201472943 18.3440410000208 18.685088960192225 22.910916022157647 21.814156437615882 23.89201363659548 22.384431633578085 23.390237562996525 19.791070571898047 19.540180395977817 20.41171546190024 19.630819885107975 20.0538790850953 22.699059257362634 21.172636530130546 24.363428004636525 21.92549580940449 23.481242182448376 19.533595881590234 19.236648160964226 20.775020662147387 19.36552766419461 19.99221971172513
0.45000000000000007 21.65997244121678 20.520229452264086 22.773082336185468 21.1229972271482 22.24240882147638 18.63421242691849 17.97448258658039 19.231159010106634 18.187764580107284 19.020821316751196 20.91224597337274 19.777834473513366 22.12896633523916 20.3376140387954 21.569398475345707 17.898389894515063 17.11436488146892 18.65311784229108 17.338533258620615 18.403445919720077 20.65172223844559 19.482410486070684 21.831227428513806 20.084357413980417 21.276030714406893 17.632034072941323 16.946093449788023 18.25077655140592 17.131668446459003 18.07041682325062 20.722019380917857 19.54322124370278 21.70146371374951 20.178583984016967 21.227324809646525 17.670280744017788 17.23433942374353 17.970734761751483 17.405100827374305 17.88055273371697 20.91228026042714 19.73938286038281 21.85586310799227 20.375121518998267 21.38966693797137 17.849582262153067 17.516789118706683 18.06589642336279 17.653335898609637 17.996441045793993 21.386958089490072 20.345636571524995 22.24518838883508 20.924487977540306 21.807599341044515 18.30155384852034 17.98556318005337 18.755650969474527 18.130212151186075 18.489937208271293 21.308037530410527 20.213614168632553 22.19329732352241 20.816521363505082 21.753002966755844 18.190133687261387 17.98340798071261 18.719943283892864 18.060781135868503 18.402688218802265 22.88805719395703 21.789565843568734 23.874004173359506 22.37231765731929 23.372477686639208 19.778810329929748 19.578620138664537 20.299903005561045 19.644563104646817 20.002600535238553 22.319069178398337 20.876004963879602 23.78563325900563 21.594395679337225 23.04219201840945 19.179946462422848 18.93035456379393 20.13551671384812 19.033432033549094 19.518383876851573
0.5000000000000001 21.55802006153853 20.41487230760382 22.669622004532687 21.016297404312326 22.14206973013135 18.52864171964852 17.838824772625465 19.17268997268863 18.069273818309593 18.935176831127492 20.74544309678585 19.60367996900652 21.961151685292812 20.16497138753767 21.405385771716773 17.73471921877131 16.919531849649925 18.504923483763974 17.16018623926439 18.244796320547984 20.44044791433401 19.28797357426006 21.592480802104014 19.884088978714278 21.049798999053436 17.421294329063244 16.73292406236793 18.023282363291987 16.937402366830707 17.84310635147198 20.49485477157156 19.33159184576117 21.476168150121627 19.958791160282594 20.99470892941933 17.449814063123068 16.972728465393367 17.745891179364666 17.176382746185183 17.659888872883084 20.662516520766168 19.510638961787762 21.595145130297645 20.131388994347038 21.136041887640783 17.600798985973213 17.24572247430174 17.808366193252425 17.41145552077999 17.738404078255584 21.067460334174534 20.042096803637705 21.933095639915127 20.610837060147524 21.495679329712342 17.991818774721594 17.673890478422095 18.42989343568753 17.81582827938775 18.160684207637534 21.01714942449506 19.929091841242116 21.89942275224664 20.528317660781564 21.460534848256053 17.89796422732025 17.68453112501162 18.44560380716819 17.76515953583694 18.11337490082441 22.700646777273484 21.645880599891065 23.63353584214955 22.207235568420145 23.161409199197937 19.59998085442586 19.399427197729626 20.063275711288767 19.466904734354372 19.804463457708508 21.949659324532526 20.567453611179968 23.24706281311083 21.26240477182564 22.611196613409653 18.825591670583265 18.6052384679377 19.532866696399832 18.691902040328912 19.080193110905128
0.5500000000000002 21.51447851934089 20.380299312042116 22.631553718847623 20.97219912371625 22.10490334947987 18.48794258109639 17.754654967898684 19.195149450783756 18.002350237901503 18.923164486262067 20.650263437005727 19.52367872592609 21.85978493326326 20.072549407667143 21.31010514418109 17.645455207129828 16.797004037297835 18.44173347369126 17.050741526453848 18.165847067923536 20.311054524351896 19.18024031317159 21.43500968598798 19.76614582582602 20.909676647783684 17.293761374349117 16.588250410957293 17.902993749297444 16.81054817318175 17.708809338813893 20.350740989841718 19.216901977479314 21.30538337803818 19.827235955085207 20.83283599062635 17.31070783746725 16.802332710948285 17.613066807149565 17.02883767725851 17.51765372644606 20.509655650129936 19.369456070760148 21.405303173632518 19.98965934670132 20.96852972658464 17.447135523041748 17.076517942161566 17.675084411915606 17.26210007565654 17.580459263851175 20.85641700255803 19.85445201586875 21.694088080350433 20.408451100402893 21.275509947542243 17.780581599145684 17.45591634830377 18.232020446597712 17.599961006715834 17.946993097945978 20.834006170490007 19.765420771259727 21.68646429810246 20.35660934877199 21.2637617578907 17.715239574486993 17.494789229306342 18.27381870731944 17.5793174044225 17.92918559841796 22.49478538414379 21.436287964709685 23.412779330542335 22.000764180532276 22.95093030226324 19.396741026301974 19.201950830675266 19.826939233748 19.266493170357275 19.581933509802766 21.800801750793376 20.497476922493295 22.940088848985702 21.163127245161572 22.39525171344778 18.682347119040074 18.498809807371334 19.23281030662401 18.563407960276656 18.89337031524178
0.6000000000000002 21.51287555929077 20.37231497627473 22.660816279607936 20.958189242575394 22.119504552588317 18.486047069807697 17.70939326226555 19.2474573370798 17.97158632600404 18.950922046427756 20.6003587373461 19.46284817151836 21.822782617528755 20.014221897998702 21.266686513823487 17.596714525488785 16.72706705640251 18.40747985858256 16.98992398159219 18.125811452595403 20.22798297759303 19.09939061226262 21.363066459269305 19.681942788580578 20.831989584747454 17.211877101477825 16.493095472707868 17.824585128895016 16.72578100268809 17.629769723848625 20.256736283804138 19.12818030392825 21.203352392809897 19.733789846559713 20.735642110807916 17.21808485795247 16.700011378010014 17.51255959304406 16.937374830074155 17.41694726800288 20.414950483441096 19.267465503191477 21.31191385276855 19.88771836949818 20.875135689912128 17.34813564742466 16.984569403452298 17.576258536878235 17.17761031597358 17.471984908037765 20.70959272348817 19.69266523402399 21.54874335970868 20.255721709544865 21.130917007856922 17.63270818907552 17.309516755371124 18.076414808679413 17.45677230331113 17.788410871940123 20.715871422165065 19.636525557678876 21.570898562586144 20.23244334237699 21.14634426546816 17.595482975394873 17.39214121317062 18.133400189271683 17.472179961773307 17.796556451560896 22.277280239540445 21.204963974636524 23.202293409586293 21.7754776365524 22.7366597070116 19.18068538359785 18.99537572951596 19.58435053542021 19.054478889425344 19.351841151425702 21.786521574999398 20.49676509523205 22.871320295538816 21.156909068764154 22.358203233368965 18.668143681666187 18.50514412706023 19.14366822970278 18.561474399242158 18.854419931657432
0.6500000000000001 21.50769353510323 20.354157955457282 22.687732764942442 20.939857905436938 22.138094476146986 18.483146646923565 17.665417432301624 19.300412297100788 17.93975149474934 18.978712819343645 20.55232649981523 19.4004923792191 21.784494486433825 19.9586197235932 21.22419146181254 17.546336262587843 16.655928375749674 18.37671073529853 16.929828130320427 18.086819362797023 20.14359536370238 19.01477015916645 21.285022511464252 19.59766286243664 20.752688414569654 17.130243914234455 16.39751232954757 17.746827772149846 16.64592245550509 17.55216223607597 20.154356681602266 19.026171458135646 21.106928556284483 19.63185644565714 20.636148209340146 17.11757310907172 16.588492017032785 17.412697379139193 16.83676632569244 17.31572518840513 20.3008306497099 19.146523249710857 21.205718766164896 19.769614386244655 20.76453930916565 17.232867267329183 16.870589826257557 17.46646364159412 17.072383662437538 17.353303081177266 20.55947920343852 19.527895108236162 21.400624359755497 20.098036849239225 20.98431297197353 17.484419125901873 17.158351339899518 17.924558773734365 17.30935987864539 17.62875972823749 20.581802201727427 19.492209658207777 21.438039003303388 20.091545922561867 21.013705430345468 17.459676784966867 17.27064183034693 17.986150475394567 17.347686849963416 17.650150061937282 22.053173599155883 20.967658723637914 22.992277029104784 21.54206027692632 22.517662411684 18.95634681661025 18.780864548286058 19.339214657502424 18.834233100923292 19.1149051007883 21.77092760467465 20.493460045700242 22.818923755811856 21.15062307505307 22.32035198965344 18.65403466512202 18.512730722167085 19.06224614670333 18.560235410738542 18.819170417046273
0.7000000000000002 21.504248261680523 20.343357384484094 22.718136884322398 20.921150025452818 22.152747023987963 18.479627517662284 17.62186518407726 19.351905333233077 17.909263937134398 19.008754451945375 20.499868860242163 19.34682379913806 21.744975443024646 19.905979985412493 21.18116115278253 17.497937427399478 16.586229231272704 18.347598820076325 16.87168991760614 18.04810894333975 20.061432270731338 18.929713482062798 21.2086461216365 19.511907113501923 20.67327827751561 17.048906315345505 16.30197858010525 17.67173476221798 16.564200630619503 17.47344290195681 20.047801577907983 18.91890226512157 21.008169495189883 19.52486448990684 20.531464596803545 17.013207413253493 16.465386123855097 17.313900055739907 16.72917634443064 17.215598292817038 20.17324917693696 19.02609717171784 21.075075681104156 19.64004813838748 20.636872687372538 17.10303281897763 16.735319469025477 17.351996629852515 16.94618591082345 17.22739768809026 20.407297853007208 19.365639919006632 21.26140205661098 19.93555925471609 20.83697210514114 17.333454313679123 16.990041872746197 17.769672199380786 17.158251078819763 17.473119904693956 20.431884237198084 19.33951907186222 21.288952703856133 19.941115405258618 20.862135268966746 17.31100038070607 17.11849484091801 17.835059029390692 17.203695716886724 17.493249036492973 21.82192850332289 20.716256920373116 22.76944394976291 21.302654646226998 22.291408497379592 18.725536664226656 18.557693191672907 19.08859204627899 18.606026181825257 18.875563461483008 21.757511186875625 20.493009927698164 22.75446285337802 21.147405615669378 22.28595858066033 18.640373449909923 18.519245099791842 18.991221692915783 18.558692512645635 18.783292289881036
0.7500000000000002 21.523639047788066 20.361407605136957 22.765656944383714 20.929461198391408 22.18613898690525 18.499283486910702 17.60182991430143 19.428212802340028 17.902358076414703 19.059152717491596 20.47015251409719 19.320822326733193 21.719631916580695 19.86870775476809 21.15819601701414 17.464708856975093 16.533231527758677 18.344460065289024 16.82930286957894 18.03078625506342 20.007047535597845 18.880494961019952 21.147951934959227 19.45763966693834 20.617917463211896 16.99473612268709 16.227331263579003 17.62888743900635 16.506465869237676 17.422678200638476 19.971613920385746 18.852542098889074 20.92270261986142 19.453851079143835 20.45053882005454 16.936722661895253 16.368556869480777 17.250405797266595 16.647177236387275 17.143260635513535 20.079185396130207 18.952120433143264 20.96843619110027 19.555627290916874 20.533044117288753 17.00861910221298 16.630667291296852 17.28077480293048 16.84961702921263 17.138330186180863 20.278077663544536 19.23689989331523 21.12830367283531 19.80419354218594 20.705608582472376 17.20572261301035 16.836205061303303 17.639491949195754 17.026936866988322 17.3478581204311 20.324715458695295 19.257740096381468 21.160949794688033 19.848133065239004 20.748095918587882 17.21082382390518 16.991711855840823 17.730500903860563 17.097218234314944 17.389077827793322 21.62406155159602 20.520638321436543 22.55836348217761 21.107932716300834 22.090260473343857 18.52750674777758 18.363726656264205 18.889687052039598 18.408405023936833 18.6778607390042 21.740802710900883 20.53889169039852 22.707532306450876 21.16204587164997 22.24979479584082 18.631202084141687 18.519422501948753 18.952419156890485 18.557018205331122 18.76085512891761
0.8000000000000002 21.570671455234667 20.39819914048193 22.833720393585356 20.96109731340186 22.250895701974628 18.542585348407542 17.618729495787903 19.52121798993002 17.92795743411128 19.130642135646838 20.458925278894107 19.296733335567506 21.722047851907046 19.84845913888223 21.15691978672048 17.453700006767864 16.499157806513004 18.358233241676277 16.80708762219758 18.03262062428303 19.980628302064595 18.845863718739835 21.12831887718697 19.42600631723334 20.596077556938752 16.968885729905196 16.189415700539733 17.608348943908883 16.479004118712336 17.402039801557557 19.926171426405155 18.806330549240062 20.87678508323183 19.407684201859247 20.404601876492247 16.890789134696007 16.31436294403389 17.206159735515943 16.602741943132642 17.097970178287824 20.01990842902091 18.89889514215507 20.909811396609918 19.49896975879376 20.47385924571556 16.949962302236308 16.570481349655097 17.23079939648858 16.790684569283 17.07892512498789 20.17287928795321 19.121980881454153 21.030967543682966 19.693030860508006 20.601226652990672 17.10424884888538 16.710532732276196 17.526267447071874 16.92376737180793 17.24298682982477 20.272300582394948 19.199361920471453 21.10927003166873 19.78960930349834 20.69425161505665 17.16254792685965 16.91165054164385 17.65534384712559 17.043866618958095 17.325968754352804 21.462810315342246 20.34879466439204 22.393245605319688 20.942778710127428 21.931354644339017 18.366629095915613 18.20834378436934 18.71736946024352 18.25289455567622 18.511510377391865 21.72813152182615 20.59765651434535 22.670334808003147 21.183907038286616 22.21990757270018 18.62112644267372 18.496332156622675 18.98670704280958 18.542623328129984 18.752462527930863
0.8500000000000002 21.615500353962517 20.432196644424376 22.903614728517827 20.993290349109472 22.31373503796495 18.585784242739514 17.636550018026696 19.6136835277377 17.95115270832437 19.20187677844379 20.447934583630957 19.27759316265633 21.72793403856839 19.82844035171061 21.153654340118454 17.441970166549638 16.467300059411816 18.36860997449338 16.784053753389202 18.036568117953966 19.955246213769318 18.80956663377123 21.1128066429373 19.395108780340625 20.575605083201545 16.94227441677462 16.152296627412397 17.588855421900952 16.45048628820293 17.37924731157831 19.87973930271041 18.76091152544396 20.830545483096206 19.358750073987185 20.359672307587985 16.844569962382344 16.258702099610204 17.162037502576094 16.55725975114979 17.05184426630313 19.95603889113224 18.841098248318307 20.850014382402772 19.43712700210827 20.410820334517464 16.887446499373684 16.504391742238397 17.17591767354358 16.72684914321336 17.016399788862092 20.06477432417727 19.006941245325226 20.9304358906208 19.5805028694157 20.502096371545978 16.999258068759726 16.58329370432929 17.406941686626247 16.816374185677002 17.136289808922037 20.21048782930148 19.13564971046677 21.059210925251268 19.725038810057878 20.632919772040697 17.112483734525178 16.82112643926739 17.579797661852876 16.982565897978464 17.26050451393174 21.300036470711145 20.17516382310033 22.230100700688563 20.771341816908084 21.773471585458292 18.203604915814374 18.048725056730305 18.5408238348683 18.095336422976334 18.342838116506957 21.717544164467565 20.643050784809585 22.631016247491043 21.201608803160806 22.18313815444407 18.610413406832514 18.453497431709888 19.07067606293198 18.513837320172556 18.760696270355353
0.9000000000000002 21.657029495059653 20.465637178923636 22.97318143094382 21.027465523395122 22.37474298821403 18.62821794772649 17.65625711163606 19.70537035182615 17.97674848567687 19.272610371747312 20.435076045395583 19.256674616309258 21.736286875364986 19.80854275105028 21.150516271952927 17.429708990629344 16.4367562425028 18.382570953820352 16.76216002802318 18.03975670236254 19.9277787002022 18.775188288814455 21.098334755737557 19.363045038750204 20.55226272386378 16.91463528881152 16.112747087939905 17.568951688754883 16.420203670317445 17.35666197507967 19.832495833622005 18.715503055592517 20.78423859683157 19.310186482924923 20.31317572668264 16.79698181698282 16.203280583213367 17.11868619590418 16.510666466249802 17.006104883042127 19.88604035700339 18.782493982142565 20.778536127522013 19.371372166320768 20.338514192440577 16.818042598952097 16.428004452624847 17.118487279573507 16.65326270341966 16.950311919536304 19.950335138130395 18.888003222818025 20.8261983090724 19.463225609535595 20.39567332885487 16.890747908886908 16.447615809437703 17.287343886788182 16.703192184341344 17.027901573295146 20.13970182286532 19.070257017967734 20.993336471596532 19.65287577634899 20.566363234193354 17.055037610844018 16.70085231664973 17.499569608902743 16.905593629586587 17.194963250724626 21.13547676969917 19.99407787773581 22.06803293394049 20.599649497446865 21.60893880780849 18.03660102122154 17.880884887932783 18.368336767366692 17.93239476924841 18.1725298623197 21.710220727440976 20.683621042852753 22.597250087075437 21.21733032570464 22.15983221944004 18.60089843033265 18.38003414176088 19.173887631210462 18.48091545147744 18.776687894480144
0.9500000000000003 21.71333530711952 20.51307726446064 23.04793058975942 21.070734391125537 22.44696434562495 18.68193736372524 17.68205567995283 19.806508102942367 18.00988475752692 19.355046188800085 20.435753861557597 19.25592095493252 21.75459290404667 19.801103842643716 21.160055011354412 17.428879655972807 16.416875429057747 18.416043654430233 16.748618704938973 18.05802500043079 19.911279510772154 18.765940964120507 21.082250248021715 19.344194648240375 20.538151745357002 16.899060266690338 16.07873784402624 17.567297063459808 16.40028597211545 17.347066661852327 19.792536231283492 18.68139330270444 20.738186939580515 19.27286552705275 20.272429177786044 16.75570403773751 16.152072566799585 17.0881521043372 16.468151384469355 16.969332755771013 19.827480233967123 18.73647344058428 20.710241472428226 19.320811074391884 20.275459363108567 16.760796163011612 16.36146220006116 17.077257923639273 16.587150277735244 16.901005197560647 19.855885994893047 18.798965034635213 20.72734008147299 19.369796232582832 20.29630955211592 16.796871003890015 16.32834096241179 17.193003423129056 16.603840504327778 16.94002775379728 20.072700065621312 19.001346472971676 20.932156628613622 19.5817306862447 20.506323147071523 16.997378002240612 16.589118743531074 17.42518848563771 16.8297906018544 17.131224520553353 20.977601307224212 19.834888373923725 21.905702517319952 20.441791432599437 21.45107625243328 17.878244306767044 17.711062723241803 18.210582204342405 17.774422388528446 18.01453884101986 21.711979562744368 20.711748038413116 22.579275130872077 21.238728007828527 22.144204117128076 18.602039536632596 18.309271421563306 19.25672268105512 18.458581177007805 18.801142188530815
1.0000000000000004 21.78924551912752 20.569825619048704 23.158417367648173 21.133269109463235 22.543527310807367 18.75662440728741 17.737770276446195 19.92042981037535 18.066226189773264 19.457730387450418 20.458872914346543 19.265217711139346 21.800928418608684 19.816809363723387 21.200748098092454 17.451741887580347 16.428755433182104 18.471850845643164 16.761189255495754 18.100100402794247 19.917670807977355 18.76657696874042 21.09667128395164 19.343009705581785 20.547926553780094 16.905513734523247 16.063279224327104 17.587565073649014 16.39933133678877 17.360926726162432 19.763937858640745 18.65393745169859 20.720543826826123 19.24248178925884 20.247582918484838 16.726518841235244 16.11656748427621 17.06906048085419 16.434918877857832 16.94856791067574 19.79376772631559 18.70667298681123 20.681953703827237 19.284275432772127 20.24574446190678 16.72852887437825 16.316065815165484 17.041422290266272 16.54778909622621 16.87597343352534 19.794189505521672 18.72889657668522 20.668607705293216 19.303089728568 20.236589742606434 16.734285029704754 16.270201147836005 17.11627891504506 16.544265895754165 16.877561588265003 20.0072699965302 18.933179970725675 20.87045775960433 19.512870563848946 20.442540610922546 16.9346187079731 16.511734278209055 17.354111643180126 16.765160107450694 17.06568731529262 20.8363792196375 19.686968244396724 21.759815103871322 20.297578031407415 21.310441042149943 17.73639911223715 17.555210275091685 18.06806110123853 17.63204768697101 17.872730628428148 21.732342594133108 20.734027509430675 22.595823353001194 21.268539696498937 22.16085252398236 18.62538159515381 18.293219591962625 19.324032001136825 18.467401021868596 18.83478032187375
1.0500000000000003 21.864715330575052 20.62445877812053 23.271058258046 21.19643888114031 22.644280381929523 18.834006148024912 17.796238431576704 20.03711646399965 18.12153999607555 19.561760923882883 20.484494599489313 19.272258800563733 21.85194933475042 19.83384444076021 21.238257798665096 17.475160241652844 16.44229468637234 18.526079780455067 16.773884590167707 18.14150108143104 19.92145890420376 18.76487311415398 21.11091076362939 19.34097033722151 20.558113704533145 16.911601608241465 16.04729338779887 17.606580899550153 16.398164892337043 17.37389708606921 19.734493226579897 18.626617462095634 20.702235493013024 19.212194555470585 20.221150518305237 16.698210902901504 16.08015204341611 17.052640225238804 16.40152626099653 16.92680571573138 19.75791118317989 18.67113641368721 20.65573098825816 19.244308551904528 20.215355608973987 16.695018416487617 16.271498543214296 17.0050125921501 16.50719164619344 16.850568111295413 19.72978274175123 18.658814070015946 20.61201905580582 19.233018341379996 20.179099328184122 16.670889274361127 16.20923482957228 17.03797944713462 16.480601555136506 16.813850396322263 19.941038209799324 18.866336638588603 20.808714310497024 19.44416595163943 20.379327072306392 16.872780389175716 16.437936141242282 17.284558762471793 16.699438893980325 16.99915633952152 20.692813667619745 19.538118561609448 21.619987659159523 20.152434459951312 21.169262743260404 17.5935676189532 17.395946077947972 17.925187371777103 17.488771994174225 17.730190890847197 21.753901974416195 20.76701417803277 22.616334216620384 21.30027103025207 22.182997396433016 18.652472318975995 18.27809537529455 19.392800250728307 18.47219364180929 18.872858782741233
1.1000000000000005 21.93947404490916 20.68040644006528 23.380177540752314 21.256763756855317 22.74432177098994 18.909904900634935 17.853478469036688 20.158197402857756 18.17913161009031 19.666275597648287 20.51145398383109 19.283735048773035 21.90313873881743 19.850246997329712 21.276900104922003 17.497609399251715 16.45440989006592 18.579484971035605 16.785784536833926 18.18447278346054 19.92497832908303 18.76269423479707 21.12652574028938 19.341661316671704 20.565937852309517 16.915618835297654 16.031282041011007 17.62476423828463 16.395360053544827 17.38556725396607 19.70372329517916 18.599141171240017 20.68292147193706 19.18290736999449 20.197040809652993 16.66982726604309 16.04400634491079 17.035761645706838 16.368035599515707 16.905849407157557 19.716674350866985 18.63029210281363 20.62941535972547 19.20306463840208 20.180034276451526 16.657533869166436 16.220975506673366 16.96829801906173 16.459412134841486 16.82154730649189 19.660796964974974 18.58397645874463 20.549529127098282 19.160905233969167 20.11370180194057 16.60296038533797 16.141632270691275 16.95726823550187 16.410849726468975 16.748379189798843 19.874567223698666 18.800373261068696 20.747011798935162 19.37743755975279 20.31723306722643 16.811102714201123 16.364270400937276 17.215136650859918 16.63305607058781 16.934256744430662 20.54975821668274 19.38542974396758 21.479334143276354 20.006182894036645 21.024310770051148 17.45039882567187 17.235981414655797 17.780036561532913 17.343843441007557 17.587137859260764 21.777148451839093 20.810023225102665 22.646049716672927 21.334049857950873 22.211431406601488 18.689740492960663 18.249467942862278 19.462621190524104 18.480891953484544 18.9170371240689
1.1500000000000004 22.016663138303006 20.73887352841333 23.49274701996907 21.326193293925897 22.842253916174883 18.989997890042645 17.91024498591537 20.269624429500688 18.238134877298535 19.770235119424598 20.53807390810672 19.29995800563799 21.951012458537217 19.87114576611212 21.321591727424707 17.52610191721249 16.463951649906342 18.64134488544338 16.801856250374666 18.23104269938612 19.930925154117787 18.762143048772 21.144107351522738 19.346732565292005 20.57788511474066 16.925383826496947 16.016800193486556 17.65256744554719 16.395029513817544 17.404112262189347 19.681515000513716 18.58927738773966 20.661069697238272 19.165363190456397 20.17733797713954 16.649739341964246 16.00963385112842 17.034551138339538 16.33950088666456 16.89545096079743 19.681175913220965 18.605746893424897 20.599759238081752 19.174271306690844 20.146075743896734 16.62613389711153 16.172889356472393 16.94213109241212 16.416530585937746 16.801416633127687 19.599604497989162 18.533414745631298 20.48770566218579 19.102959506760342 20.050177819032942 16.54340923680972 16.077672708435966 16.900329977778615 16.345618709318824 16.696384569573027 19.816597752128885 18.753204004772286 20.68720113544901 19.32527761795377 20.255934686002487 16.75530444203706 16.295682084970878 17.162249134539195 16.571116021530024 16.881643736787268 20.41403421532824 19.262494843052046 21.341577622840987 19.875374100182817 20.88375680303972 17.31797916177866 17.078724619446053 17.658993756679724 17.20403139728334 17.45778089406914 21.747990741347433 20.677997888306322 22.672261347526348 21.26106730407914 22.22308704325604 18.66715931477375 18.203680492676465 19.364532980534474 18.464220017655947 18.880405554816573
1.2000000000000004 22.113430465267747 20.821138366047354 23.593693092984655 21.4164110251497 22.944328736210025 19.088451492069858 17.984637465418995 20.37541977891857 18.322814557123547 19.874449610060765 20.574588300598577 19.325076816236713 22.00576951364399 19.901241291094188 21.373973463274357 17.5655911817328 16.484356107987697 18.712482835681556 16.824901250677875 18.290148166238183 19.956933166914308 18.777831493598583 21.182539532313097 19.369232182773192 20.611595730914075 16.952526911262762 16.02619448352637 17.695661681429506 16.41142430992347 17.441992390075686 19.693668281649217 18.59989609157308 20.673347337281847 19.176439193318657 20.190933132556314 16.66091740127947 16.01139942224627 17.058015284199374 16.343864990384485 16.91473683648757 19.672840761513637 18.594862771210813 20.58985718211113 19.163889330857657 20.140457504927017 16.61915343192668 16.157370898740936 16.930046818905847 16.403226864863214 16.80081401652935 19.57523043667051 18.504830307405427 20.46581837371741 19.074031482469753 20.027785645016504 16.520548508224895 16.046652819552992 16.86881425018729 16.317167310825212 16.678861885787473 19.793715606887094 18.723109068758415 20.65833698120522 19.29873946887894 20.233253647592914 16.73139047004972 16.277140379292735 17.12917209520449 16.5483866277615 16.857140500554756 20.315877669864825 19.156618437762745 21.24230197447222 19.77471470879473 20.78615114380778 17.221258097172658 16.957870281449605 17.567397875563515 17.101666296075116 17.362388345621827 21.50673085846104 20.403616875595258 22.470713718358592 21.010277524964803 21.98773883619922 18.42059088129746 18.01016120044236 19.062149994292945 18.245590709573065 18.62006665853034
1.2500000000000004 22.209715514210565 20.899163968615845 23.69609726971784 21.503706630037147 23.049318513921953 19.186348063872792 18.058065006002103 20.483763564697263 18.410010108829233 19.979229460879733 20.613933300112954 19.35454883515533 22.061567714185202 19.931278243803966 21.42649168531331 17.60515625373401 16.50343223493424 18.782785280815734 16.84901278495428 18.34794391296193 19.98404656357521 18.796297539349816 21.22298308301876 19.38913224488789 20.646997536802722 16.979693993988757 16.037157593335213 17.737842373432397 16.42833929963814 17.480034796942604 19.705611872222043 18.61058966727133 20.691847410468522 19.18444236641187 20.205313598727617 16.673074020369555 16.01095000815379 17.08139853227808 16.350722874539162 16.934870331482315 19.664540174861664 18.58164517282622 20.58709183122319 19.153937255986133 20.13631504732189 16.611339009280606 16.141271416309127 16.922083818512057 16.391126702234914 16.799967886896457 19.551525514427425 18.478058360574117 20.453851151339954 19.046421131300093 20.0071536562822 16.49812616098664 16.01830310711548 16.840948841686096 16.290574747818138 16.66224572556097 19.769125387312513 18.690273597310167 20.638350290264494 19.26818028755686 20.213478598789617 16.706746459222625 16.260000718511314 17.09292308780295 16.526039455520838 16.83056236231515 20.217907858683404 19.051510085814026 21.148606474257235 19.67418047116985 20.69005768894777 17.12512195031473 16.839012228258152 17.47296399475025 16.998859252004152 17.266259405344584 21.267353498352303 20.13729053158406 22.22180582808265 20.75752196154227 21.744723344953606 18.172328728931276 17.809412165321717 18.760128216393678 18.020562578708546 18.352957745218873
1.3000000000000005 22.307383477910697 20.97927132578666 23.799611247216056 21.59398639379302 23.15333157879867 19.284453545576717 18.137591546515512 20.588203472626507 18.499024654767833 20.082070990312417 20.653832265677984 19.38036101015777 22.118201860271782 19.961237051143886 21.4807004728329 17.64534647317137 16.5240674824441 18.853861144799094 16.87281181316911 18.406546985405317 20.008893279108406 18.813571913255807 21.259881653485817 19.40651450190552 20.680266144770698 17.004665649168984 16.046700910265276 17.778874034834146 16.443486086165745 17.515579227523506 19.715759605354165 18.620059707660115 20.7070452744478 19.19423938876253 20.22134640445847 16.684743177377726 16.013665616097654 17.10583341309541 16.35633811443327 16.954328670545603 19.656889781359407 18.568688349368188 20.589063037807165 19.14384693820328 20.13152119614956 16.604349857085 16.125552052093266 16.919854392211985 16.379045493124153 16.799261215685252 19.523452441801393 18.45144356850528 20.438842900220966 19.018179896326252 19.987629043223166 16.472788622690466 15.984559441262949 16.807679921100643 16.259370017620455 16.642410022961545 19.72972888510464 18.6510227158276 20.6111232176687 19.228408988189 20.17712949691719 16.6689544650301 16.22164047557258 17.052426571437746 16.4867875720771 16.795649142268363 20.115611275691112 18.946464422292163 21.052069288359785 19.57064807471711 20.589942238412753 17.026523071399446 16.71281920988329 17.377079583570065 16.892830336156035 17.168755000679848 21.02761063033003 19.865175976329166 21.981908943260034 20.504312447000622 21.504947013131957 17.92938815929688 17.606227808081588 18.458630525077478 17.795719927531845 18.09202325871552
1.3500000000000005 22.4031948586766 21.06147054621664 23.901691436715385 21.682982362848037 23.257013691328442 19.380730055200104 18.214843241278604 20.69141782012333 18.585527982003875 20.185583665527833 20.69345197173149 19.40728055441357 22.17039147023759 19.99459034080994 21.534722227449446 17.686187698895495 16.541834198229534 18.927286785404608 16.896394600296293 18.467468907257416 20.036221576128398 18.83938302980829 21.297108652846397 19.427580159927587 20.713731933979382 17.032153550795197 16.054943419704596 17.825576345519757 16.45893376749791 17.556001757743537 19.72672401958325 18.631635083527325 20.72704363126185 19.208771994201175 20.237681709549726 16.698143986728965 16.01612546029414 17.13439265591842 16.362824578976433 16.977361083591013 19.64928665646334 18.562629361593363 20.590249104326418 19.13829370472366 20.126300344583207 16.597990422781734 16.109370882706923 16.923688257158428 16.366636853205314 16.800981980649084 19.49856300402097 18.450027491180588 20.420255808000075 19.00411251511319 19.96363984604841 16.452209397817406 15.950415066621249 16.800028158695504 16.229443504372647 16.6316480539485 19.693138153194422 18.6321723496519 20.57584824307603 19.20287856737315 20.139050541012626 16.634461286796952 16.182289122897295 17.028800647069367 16.44660040792768 16.769308507600392 20.016500746468967 18.885034512666238 20.956707219222196 19.49082562191598 20.48884050425718 16.936136998449637 16.591412255276396 17.30517287557564 16.79138434962517 17.084720003607195 20.79238125458417 19.648552192020414 21.743070411695136 20.27828297998509 21.264172902550897 17.699418345287164 17.401438711401067 18.208849067867842 17.577119535404194 17.84680720504401
1.4000000000000006 22.49051461675336 21.138198767597643 24.00322459070243 21.76064224302801 23.356123656962225 19.474185388737652 18.27108758434035 20.787603612844457 18.65485847213499 20.285985005612446 20.749279642812567 19.44029916985016 22.243954472175037 20.03363421828605 21.605583236944927 17.74180421915511 16.56325195404712 19.014025457445353 16.928440677483263 18.54263672678229 20.07400074995349 18.865776963459606 21.340014872685437 19.462508191241884 20.756795700274274 17.07143810433678 16.070323852713937 17.890068378698725 16.484117647159056 17.609426350105664 19.75183286733582 18.655113302764292 20.754150928116342 19.228752944578613 20.266150349015174 16.724585121352327 16.023087882117085 17.17266671683734 16.380300179425976 17.011393384005718 19.650056505999967 18.560810440997624 20.59456129978484 19.14142794120417 20.125791568302848 16.60104352842522 16.086669226346213 16.93412101504325 16.360896462120234 16.81066311219139 19.518501217894244 18.47402260160249 20.426412571648946 19.025860960854466 19.975184608575322 16.471653052135153 15.953426062060757 16.825783091979833 16.239137501571108 16.65801522192299 19.702513700938905 18.639042225824532 20.566690332792934 19.209906231427432 20.14304151904385 16.641052015765137 16.17998560836479 17.03457296017296 16.449771180928934 16.78146056136318 19.992698163914753 18.868017610770174 20.899677998895964 19.47181529002243 20.45023271982325 16.911581618679573 16.54618058436225 17.287575085815163 16.76135530870516 17.058941177289217 20.65000145895265 19.49061199212979 21.56675437591569 20.130156355973487 21.10672587109856 17.54966154992623 17.262749986322092 18.044511379249794 17.431844786843634 17.685667017987296
1.4500000000000006 22.578096478302037 21.206282115628294 24.104594392272222 21.836081449459314 23.452801686214638 19.567252674236123 18.320111069628485 20.88571874700604 18.7210144045073 20.38452083015645 20.80154095243384 19.47872783384202 22.322940233914284 20.073680844798734 21.6763137080443 17.796925190314834 16.581345523056264 19.104309729122388 16.962929553223894 18.619748684939697 20.113208282795654 18.895922362642622 21.38726065675536 19.49887444428706 20.803801335148204 17.111455800272026 16.08569310851003 17.952631369578697 16.510117150249105 17.665945754066083 19.778262509371043 18.677403479770632 20.78653673713276 19.249735788970813 20.29430130615214 16.749920505782658 16.032544941759404 17.212283815410974 16.400281532389993 17.047826418176186 19.65218808305785 18.56136291259713 20.596613105369958 19.1426508036142 20.127752856870575 16.604708634961685 16.06219987177447 16.943352914529193 16.354116829162685 16.820677069489456 19.537933562916354 18.499323626403108 20.44735707927231 19.048627006597542 19.99567329814887 16.493442458312362 15.966234140984154 16.85515014224645 16.252718165335626 16.68585055884025 19.711455758352884 18.642807039024426 20.57953999435169 19.21647212100667 20.154564085517883 16.651257467642985 16.184638606988113 17.03706873959656 16.459373106137136 16.792772750820237 19.97001623530154 18.849875763407933 20.873275680506694 19.451386984345373 20.426204342377343 16.891733261370472 16.51243780031324 17.268166452883133 16.737893846029912 17.03546028181958 20.507730508552385 19.3373015936395 21.427398617767437 19.981788288281322 20.966847459330214 17.405660421169934 17.132288838152775 17.877183721561032 17.29572490562482 17.536954171064778
1.5000000000000004 22.66425925947707 21.27603492890029 24.20877574440847 21.908511470182187 23.549407296931115 19.65766306017678 18.37007800354808 20.97938022850368 18.787962816554153 20.48321125982201 20.858269320050244 19.506142623852373 22.400017925637883 20.115277640994282 21.749450642740022 17.8514753379759 16.599008903715873 19.193744148875403 16.997445745910348 18.695636217231083 20.153830516654608 18.928912802212317 21.434145337216112 19.53173284079337 20.853200439609974 17.151077976324814 16.0994821652391 18.017771438318835 16.536302305671043 17.71967157472927 19.803211798278017 18.698416232409237 20.814889251297124 19.27318971613562 20.326052614419492 16.77539773645538 16.040474327355998 17.252097699749147 16.41861572959418 17.08385380679033 19.646764828597135 18.55370972646631 20.59943034754813 19.13717554749691 20.126760340989584 16.604572757933045 16.03131620112742 16.951367521779403 16.342970071940453 16.82904936072394 19.55746437090088 18.526592479823336 20.466478569649478 19.069925476225865 20.015283423385682 16.51461315262037 15.977137834043587 16.88349386972029 16.26606262585067 16.713680784016326 19.708194749610144 18.63964075978818 20.585208295269602 19.21414457388735 20.15503882443789 16.650481514717836 16.172073744320645 17.034836564761555 16.455461955727387 16.795706012548955 19.942998405605117 18.828828911372984 20.844380927506762 19.42717156458731 20.400410841148688 16.86887708841913 16.47520825617047 17.24667540744222 16.7114489426727 17.00975723452592 20.368503645699622 19.18824184206806 21.29337106929585 19.837468872891396 20.828812195830988 17.26797548026928 16.995815020710243 17.708100152365063 17.159632777399736 17.39197706238325
1.5500000000000005 22.751198731770433 21.343654886065 24.3079426782074 21.97961988162597 23.647010304681608 19.750125070404962 18.422961566686908 21.068546029341434 18.855213376746242 20.5808804867598 20.912042901966018 19.53296833377937 22.47631725732144 20.156243400017914 21.820406778611943 17.90699254569396 16.615091177535206 19.283639280559353 17.032962481280233 18.772749585339998 20.194731694292916 18.950899858090523 21.48391346070566 19.56711692657475 20.898872869003693 17.192226554667272 16.11598073357926 18.08315104440092 16.563701428517312 17.774921931457822 19.828345487235424 18.725837769230896 20.849254646092767 19.296706268139058 20.356855175984236 16.801084496229066 16.04440801903376 17.292370147838955 16.436318272810123 17.120531382309867 19.643720817858412 18.558447408796518 20.601071556516203 19.138325613571336 20.123374552623453 16.60557506033099 16.00352975599458 16.96514147675642 16.33291712900825 16.83996091929848 19.577199692221186 18.549804185311437 20.48568974664447 19.09296198967427 20.03540724156725 16.535689961312766 15.987820018658798 16.909403637232096 16.27889723082955 16.7416583566959 19.704481537873892 18.640177939876423 20.583908623250863 19.208084834751162 20.15199512777677 16.647645839009844 16.154923448143872 17.03692668867865 16.44831551605191 16.79857049607714 19.9183139690475 18.809719308728738 20.81407715277385 19.404454884669963 20.372665642846723 16.845122346484114 16.435246690361065 17.23041077816869 16.683980563931907 16.985961914749332 20.229837368145432 19.093791857802366 21.15821350178395 19.71204403882638 20.692532447757902 17.135994102835916 16.86028183929422 17.587327922978517 17.02659507107006 17.25850871365945
1.6000000000000005 22.837985656149254 21.4299296775559 24.39132534319594 22.06786137581359 23.727374359756894 19.84303847208272 18.492907923783406 21.130038363931977 18.94208608427963 20.66145258282424 20.974436326898307 19.573866261250206 22.54380210826456 20.204919897677723 21.892476943103738 17.970498485276615 16.638935186633685 19.370366071700573 17.078678761719253 18.85102814795731 20.243819351476336 18.989391189276642 21.537367454459133 19.610232823023463 20.949023080223185 17.23985308223746 16.14068035598181 18.150749916588595 16.59880887064488 17.834380197125075 19.85858852294041 18.75643347796841 20.883648763933024 19.328745295328165 20.38741125093577 16.832027522955116 16.056799588721375 17.333715610880628 16.458519522863334 17.159115522671556 19.661051045871115 18.583544761176487 20.60735318706814 19.157061374905652 20.135513809284127 16.623904476587416 15.999459097825852 16.99206275771329 16.341779212884294 16.861635540318446 19.600949341348127 18.57169095067962 20.50767469637884 19.117892313980285 20.055202084464085 16.560181519972655 16.00057043959845 16.935790026536928 16.300069585109327 16.76795280114039 19.706291073410153 18.64501062953048 20.58354276495287 19.211569270567306 20.151895211388183 16.64975193472063 16.146253298846762 17.046557067550086 16.446386478481386 16.80432431447357 19.90691865385093 18.804118478795488 20.791289585296532 19.39976174516947 20.359036446733494 16.83587388478921 16.40987553841871 17.229173333039338 16.669535805726817 16.97702691266171 20.204796288123376 19.08252895673681 21.067595035855142 19.698690700458894 20.637230948483726 17.104751734733853 16.80132218138079 17.57603626995084 16.981367228794756 17.230109647141514
1.6500000000000006 22.92693742702597 21.52136781098608 24.457657373421863 22.159686096844066 23.80494167434754 19.936231427220527 18.5734330582535 21.190149251349187 19.033510797728226 20.738589530211833 21.03868926532472 19.611437952221902 22.617036883017814 20.254370871807403 21.965306857828978 18.03281007885211 16.66526954978413 19.457900068397773 17.125844016308832 18.92902773297909 20.295689171200998 19.037039237485715 21.59230691224081 19.654845099385938 21.002744008644783 17.288242970269202 16.167157576402243 18.21901680628391 16.636934357299946 17.894424424174915 19.888154983611237 18.787147625549462 20.915431841251674 19.357511773269476 20.417988199255014 16.864580944240945 16.068723171223482 17.375633446828374 16.482080460582633 17.196791533886135 19.68198827382712 18.60489533913522 20.625437942610645 19.178894789492517 20.155788511756175 16.64482966925117 16.007203012311418 17.018136160740646 16.358780589923825 16.885590864313784 19.62590055990765 18.593949637364812 20.529299690640265 19.141544380824904 20.077852235174316 16.583837953939398 16.017923006822294 16.962821547285145 16.323349899550895 16.792952368733104 19.709621457578425 18.650226936935525 20.586040456402237 19.214866087247337 20.152861646869752 16.65267697403325 16.140999200016157 17.056802936730875 16.44619627897626 16.810086124234644 19.89909400414025 18.7984490159934 20.77892838492817 19.391812652678546 20.350576641374058 16.829319155111985 16.390677303618506 17.229064450570892 16.659128610251788 16.9690258668067 20.19269105861415 19.069806820643045 21.056054999170062 19.68404565612754 20.627482556629502 17.094725180368997 16.77305625715599 17.561017018494585 16.966931190554014 17.2213225738688
1.7000000000000006 23.013403478325916 21.607871013974066 24.52641566607926 22.24998037456637 23.88022980747278 20.02478205612895 18.6566665236089 21.252760653699628 19.122872620876958 20.813063324676676 21.10280440367068 19.6521772972801 22.69199290524998 20.302903036361062 22.03842201140854 18.09561585375545 16.693792852103797 19.545984303922253 17.170015210275132 19.00605097441286 20.34567038371518 19.071579580458216 21.64551778197355 19.702254088728253 21.057607544218495 17.337804612416566 16.193369375329482 18.28728475362265 16.67595798792016 17.955003694036453 19.918862013081338 18.816172214115717 20.94775119995456 19.38698793221222 20.449554464274904 16.895976262041696 16.082459324534025 17.416876749090733 16.50527744924844 17.235069565782922 19.701374939224454 18.623806008816217 20.643099309406587 19.196786933517867 20.173561715343457 16.664640341210657 16.01130450152049 17.043437426409614 16.37425877442104 16.908679895183347 19.648294250632603 18.614649283194915 20.550709286894314 19.16385834414774 20.10037813981894 16.606343340053083 16.030690198202254 16.988548251374745 16.34567685796882 16.816997047266756 19.710088167290284 18.656662161960497 20.588125720193652 19.21857113931896 20.153735682637837 16.654095439860725 16.131797357924047 17.06566173782223 16.44432370402571 16.815211124068195 19.89125025605567 18.78740209092725 20.767752407095962 19.38599031007662 20.341058201911395 16.822678672715895 16.37106188557641 17.22802241892395 16.64804508863234 16.96139564378867 20.181508345996903 19.054952528637525 21.046938128435464 19.67022178806006 20.618270589876726 17.086818642982095 16.74383316075363 17.54944396686703 16.951250525570906 17.21426641413597
1.7500000000000007 23.097770370365815 21.694776195482962 24.601159402241052 22.338606556754335 23.955039241623044 20.115915940410382 18.74101808896695 21.30804091989349 19.212550674290526 20.886248386602485 21.164782577236736 19.690748107162193 22.768627440841172 20.352822563127628 22.10973013707623 18.159588175116806 16.718644146920138 19.632892634966748 17.2166534634173 19.084508709396914 20.393226732167154 19.10786727089637 21.703080585589056 19.744367538140615 21.110688882847036 17.38743295915075 16.218846604940524 18.35566356278589 16.714955212607453 18.01573644125228 19.949151310468572 18.844011257041444 20.978724597462524 19.41959300440956 20.480053013864158 16.927810663086895 16.09654807590145 17.459387960046996 16.528482224350153 17.273437047554243 19.718392015940385 18.648021497598076 20.659780374533227 19.214212320749926 20.191696509598984 16.684128382446083 16.014317669271907 17.07046383199964 16.387724212621993 16.93216929929868 19.67130498617611 18.634360286249013 20.572558134722115 19.187465567614794 20.12203603330068 16.628823936578794 16.0415877755646 17.014748059677785 16.36639847948797 16.84098330784298 19.709063839718304 18.66572557421134 20.585550863461254 19.22116912010198 20.153818366426865 16.655173854906327 16.12145817785745 17.077512567303668 16.44110011385945 16.820378634208865 19.884184523297872 18.7888748054228 20.75775331128768 19.378947482761316 20.33273307531294 16.816388251917505 16.35221652196537 17.23189982554344 16.637123122335073 16.95590373678963 20.169518355993713 19.046385333439996 21.036756433602214 19.660211771766793 20.609988571544363 17.079100830263116 16.713572920595613 17.541149986124324 16.93454161976308 17.20958207816516
1.8000000000000007 23.169157055956283 21.784568605647756 24.660393205450895 22.41846122977606 24.01406424775317 20.191986137273464 18.826272634216103 21.345174780915514 19.29796040734732 20.940849784316043 21.230590730879992 19.739298746227274 22.841787681691677 20.409679607584444 22.182935897512436 18.225603943391953 16.75816227144182 19.71514775126126 17.26923770189817 19.162649370782354 20.44665381411538 19.152124206959286 21.75615490011415 19.794874079956287 21.164794037263558 17.44061746033931 16.251718659135697 18.422287820178962 16.759488195266375 18.076244692181117 19.983261004973624 18.885983589739073 21.012086700880612 19.45512458297262 20.514861316472185 16.96625091265242 16.11894337310094 17.503851009272637 16.557851776282142 17.314478001061957 19.742693088415916 18.681439917585873 20.678347999950162 19.241828909708513 20.21288464630339 16.71000927269255 16.025114793219 17.102241284022117 16.40709898985913 16.96135653882434 19.692518850426115 18.65909228598712 20.593829784688758 19.210219821176885 20.14302378031674 16.651753968298095 16.0547615974719 17.044886651192037 16.386063214833715 16.867618787075997 19.725901461490025 18.68713516645724 20.59139003527113 19.242535592775678 20.16462177755231 16.67094056868076 16.124536907731475 17.097146201604858 16.453533393249625 16.84167943010845 19.89900737308744 18.816989391915723 20.75521627137263 19.4012749053189 20.337698059606446 16.829680046207955 16.35186847476414 17.260937743545092 16.646196765125456 16.9734205926382 20.169138115707383 19.049390765169882 21.029113547775264 19.66348987142669 20.60767203460474 17.081064366724505 16.69812261020579 17.543604524452867 16.930835615293656 17.21306343867876
1.8500000000000008 23.236306475200934 21.870323948174104 24.703995312267764 22.500197405010447 24.062750062883897 20.26201862887239 18.912773975624727 21.38045197136507 19.38059929225101 20.989624589709756 21.298726406419867 19.79034169664327 22.91403135929382 20.470134587958167 22.254728406200158 18.293636379491492 16.79967980639028 19.796259081386975 17.324917125394354 19.23867489300719 20.499802357562054 19.205751095930925 21.810036687478227 19.846574035784336 21.220791228519474 17.4940950142956 16.28813365153872 18.48699651720638 16.807552153081833 18.138811083201286 20.020886273760013 18.929199599053426 21.049447303346422 19.494750432031317 20.551172894187687 17.00555980154622 16.14763555785723 17.548285083526853 16.591711878772877 17.357402873308644 19.770128383842703 18.712761846451006 20.70291249749503 19.272004123321736 20.241047929462088 16.738342075822285 16.0426784299691 17.133758389596625 16.43106033863007 16.99121653910445 19.715144190571138 18.684374289076604 20.617661265542157 19.23361209432169 20.16368464433419 16.67529033353312 16.064523002683075 17.074639631729973 16.403964746636003 16.894987320844294 19.749568362126617 18.708172819689892 20.61334655399973 19.263817961098315 20.18914928064059 16.694109367671313 16.145887659267142 17.118389667934927 16.476901017884042 16.8660041513012 19.92111920807883 18.841019907476316 20.774894055509126 19.424089149862805 20.35818309029924 16.852091946632505 16.366409099655467 17.288283147412272 16.664799937002176 16.996927284644016 20.174384913032668 19.055784930564965 21.033849592590585 19.668255127528283 20.612725668139205 17.087079329805967 16.6976689888504 17.5470175622742 16.934536580730825 17.21860788702785
1.9000000000000008 23.30070849236018 21.959188745092153 24.74713383696932 22.58182927605277 24.115010623849383 20.32830745811613 19.002905012091624 21.415843606892274 19.462816481853537 21.036741908966835 21.368022051561987 19.84749340669163 22.98878676473057 20.528731503639992 22.327961008595135 18.360854070541514 16.84110076682939 19.879066263490238 17.379683766875832 19.314260394647672 20.554393092454582 19.25102844207049 21.86396968536744 19.896532675079985 21.276527929959446 17.549129522208926 16.32591176417592 18.553547453461572 16.855361591914683 18.19939292318676 20.058439144907314 18.97006343648105 21.083242831482355 19.535224989341625 20.58881620124937 17.045009397518676 16.17565184866096 17.59411227367092 16.626304717822258 17.399366005410556 19.79601359092493 18.742868582973664 20.729337663270893 19.296735438467746 20.265625959871425 16.765427860222978 16.056148126560647 17.165252608334505 16.453690567423944 17.019346348484312 19.736295752959375 18.706778807259326 20.640582292434946 19.25524873440155 20.18521019380324 16.698016781645126 16.07292274863313 17.103128947031216 16.420454613642903 16.921770873253248 19.774022624337146 18.73103035611841 20.63601850416029 19.28631853225754 20.21280411787218 16.717774252806734 16.16686649973975 17.140600072304608 16.500996034596692 16.890493497211693 19.938469519129107 18.858031774355414 20.79133274008296 19.441012926575326 20.37611586565863 16.8705029625748 16.375999802288067 17.311224747412325 16.681395086784267 17.014623338364032 20.180748115979632 19.058996667114172 21.03742319876532 19.6747011692625 20.618592283951163 17.09525027706016 16.693294746505966 17.55038418547923 16.93917321028987 17.226874184239943
1.9500000000000006 23.364930602737452 22.04747928916777 24.794289758055474 22.65814153137435 24.1651425501097 20.395166134032714 19.096765698307664 21.448134019332215 19.544220915985438 21.083706217293123 21.436275055047403 19.8959907853187 23.062472779933703 20.58609070125674 22.40216241398175 18.428497396811572 16.884596436830513 19.959889700381023 17.435668854362678 19.392143846993008 20.609777185545642 19.295161316095662 21.91731377817509 19.94911652557516 21.331281224662042 17.603371664836853 16.362840186200383 18.61909366960551 16.902793594626463 18.259282830426635 20.096485373831243 19.006121531089956 21.11760653916398 19.572990700652525 20.626907021361898 17.08295754768575 16.200404200521163 17.639414496508397 16.660384993475 17.442330699899475 19.820290504456352 18.77358288346343 20.750646319637312 19.32226131661915 20.289371070085956 16.791850238866402 16.067625886224025 17.198638896557352 16.47509719573336 17.04817920948797 19.756920312068296 18.733180434821165 20.660339839682607 19.27832010366866 20.20477363768077 16.719893561160582 16.07921316573984 17.13376727549075 16.435792291145596 16.947957768899084 19.79714157225097 18.753986319620356 20.65968506403346 19.30905442130104 20.237488578731273 16.74107600303999 16.18740915858652 17.162690006399252 16.52450350849486 16.91541303204743 19.953256873439344 18.87636758213727 20.806164595866257 19.458191337365857 20.39203923433524 16.885775638019986 16.384946562946805 17.334200476656825 16.694778760453303 17.03176245196593 20.187716323875538 19.067341190230234 21.046435174290682 19.680168001221798 20.62615725509414 17.104394293157878 16.690219480106975 17.557557611021785 16.945107201322617 17.236128613009367
2.0000000000000004 23.42735740660458 22.142292354551206 24.833064076986147 22.735580804714264 24.2135356566603 20.460668211794438 19.19210651217932 21.477793382929313 19.63011913736391 21.128021157954166 21.504144204473505 19.95061836540829 23.135866507922625 20.651616846405922 22.475101535709587 18.498227688625867 16.930956880865885 20.03679296846844 17.496208378829035 19.465343119329393 20.66294208621602 19.350205232373398 21.970914049911244 20.002781974903353 21.386254005415438 17.657933064578547 16.406164591054722 18.681068125376026 16.950316521975523 18.31873036187115 20.137705008927103 19.050149237725996 21.154474652820006 19.614116235360598 20.66535565802748 17.124438466469165 16.22897452409746 17.686786489078468 16.695980349262467 17.4860592081681 19.85008378995969 18.808569664471918 20.773445253514478 19.35493045830665 20.314799791016977 16.822572727019576 16.091135156824553 17.23407137667329 16.50071944921027 17.080955589987795 19.78313757065295 18.766603684273125 20.678999549599833 19.310010515292454 20.22884523393121 16.74837051962075 16.097554860075846 17.167788772531505 16.458054699742952 16.979217381837497 19.82036980568145 18.77848332787936 20.681603979206 19.332072210256268 20.261164686426284 16.764861036363595 16.20536463994615 17.189215491331428 16.547908813609684 16.940173359108435 19.96964938662412 18.89088348176254 20.822120411858638 19.474532904068067 20.407737854192465 16.902278843528357 16.39568298232886 17.35317542205636 16.708215855481242 17.049393010375066 20.20086952016288 19.086778743925237 21.052876672528402 19.697423469629694 20.634765803374545 17.11756601599556 16.690857411413276 17.58117029962512 16.95388600513405 17.25349490608138
2.0500000000000007 23.490764436144325 22.236394687652666 24.870289170680692 22.819822363431914 24.255684912438173 20.52408336938383 19.29227300605806 21.506528922062156 19.71662017238951 21.168820572423606 21.57551000144843 20.018141934325083 23.20704588240882 20.71877353692328 22.549342486298485 18.56970495492885 16.991076538216422 20.114965094506616 17.56306634096753 19.540911046451978 20.71820699520027 19.404007686123844 22.02737083967984 20.05868804768766 21.44214734806108 17.713955996808096 16.451829379649737 18.74332622426744 17.000653250467117 18.379285512800745 20.180351069794135 19.09043531116812 21.197480018948724 19.658536308461183 20.70686897146403 17.16754244983285 16.262043880240018 17.735016906340263 16.73404539596583 17.53136893705352 19.883492684015373 18.848475870521053 20.80449321067089 19.390500718332927 20.346164451621824 16.856160573334147 16.120896497290744 17.270390703743068 16.53151149901556 17.114767999335466 19.815779973950953 18.800508173546138 20.707005448078693 19.343073122518106 20.260219507317956 16.781513340448317 16.12739485118035 17.201029976079823 16.488715527342677 17.012243030821733 19.842421746014644 18.802755378023512 20.704091127345347 19.355731423957383 20.282752694572398 16.787793920741297 16.222563700688376 17.215663972928912 16.569624786320638 16.96482092498054 19.987862787327643 18.907067918806277 20.838992216493118 19.491282427340302 20.425479149520392 16.919801056151034 16.40833036962891 17.372576896985976 16.723098857654783 17.068442071390244 20.216659490401373 19.10636537358738 21.064451692414984 19.714976659563813 20.650841305896353 17.13422609420757 16.69932081277828 17.60636905810122 16.96805457670994 17.274334552592975
2.100000000000001 23.55180645231993 22.330927275893178 24.90844503678397 22.898917338949722 24.30117256166511 20.589339527016932 19.393837288411437 21.534379705774654 19.80365316501342 21.20832032727617 21.646828514653272 20.08379607544972 23.282655757943957 20.78846810455136 22.62255494956928 18.64229480495041 17.052756550219826 20.193421632264375 17.629097755888846 19.61557227068036 20.773795212348592 19.458767190982666 22.083153644712883 20.11315235409883 21.497958710810067 17.76946352022673 16.49653799264307 18.80367189410937 17.050632716555153 18.436693175611754 20.22431762492242 19.132329999682252 21.239731327178298 19.703819584390544 20.74914821748955 17.211003206445096 16.294974316261502 17.783104904764215 16.772123752457784 17.577892472001043 19.91587312303553 18.885457704948568 20.834734881757363 19.42515893688169 20.378384170218915 16.89002470166878 16.14998633412257 17.307057135118246 16.561627450209965 17.148440762499437 19.847750841834706 18.83499855952314 20.737276123372784 19.374740228175234 20.290608624297917 16.813650395496104 16.156364055133924 17.235152887129043 16.519380415259803 17.04603817688414 19.864996692736636 18.826478072798867 20.726891053333897 19.379025419343282 20.30533302711846 16.811157531379518 16.239906682209522 17.241563757270672 16.59104126289908 16.98953066430714 20.002036326068584 18.918176044444824 20.852100346596462 19.50353712596064 20.441771753651043 16.934570814844815 16.417647148674074 17.387364768731153 16.73549614348207 17.08245884565632 20.23374166111477 19.126963243413375 21.0813518997395 19.733219675622365 20.666845043576277 17.15166648094315 16.707327479359556 17.63289894478719 16.98306255339767 17.296272334299736
2.150000000000001 23.614248118895663 22.425961708842546 24.94839774270768 22.97778050298967 24.347381791098385 20.64996358163208 19.49410162244149 21.56227741978438 19.888974397901453 21.248342231337297 21.718609736669336 20.151012148907864 23.35505008711778 20.85532794356589 22.69428852876134 18.714563213378277 17.11504016805517 20.270807920220786 17.694589929139557 19.689739920578486 20.827453751505175 19.50810695742734 22.137023038489513 20.16759301875285 21.55222599005999 17.822624293276743 16.54146587805016 18.866202623630365 17.100273830124344 18.492908579839188 20.267008459456914 19.175460798146574 21.282679574361747 19.74518723297103 20.790732566224857 17.253834936921066 16.326966001605687 17.83223329708412 16.810243047623118 17.62412255376209 19.948197147369104 18.922043845655534 20.86464204456256 19.459326516793727 20.409862884253766 16.924213897853114 16.180012792971265 17.34293375264465 16.592120196746784 17.183226479896526 19.878978742548654 18.869066098019726 20.766359349219428 19.407561231607676 20.3206237748502 16.845084730508074 16.185300868912943 17.268747608096966 16.550279848244134 17.078515580452095 19.887985462214893 18.852635287987706 20.748724752863303 19.40246627559686 20.32807269958059 16.834039853588994 16.25746032578327 17.267890698753714 16.612569028078198 17.013951843908345 20.013812826256228 18.928482414272747 20.865223643632035 19.512459464194816 20.453799261200693 16.946092784842893 16.42429416718242 17.400837931795543 16.74549629890588 17.0955688936078 20.25129079495519 19.145249938384993 21.096094944705655 19.752729897392477 20.685166021710174 17.17024290164715 16.71309696477419 17.65778860337154 16.998396739104255 17.318249304700966
2.2000000000000006 23.67444698716904 22.50736539016741 24.985706507374122 23.051570260676822 24.394202190238445 20.707842212515203 19.596636937185643 21.594795802369475 19.968031913891533 21.289403772047454 21.7892056403505 20.216969299395156 23.425210930698128 20.92408200739787 22.765469933869195 18.783414335382332 17.176719474193174 20.3413499010364 17.760539807292822 19.762977749949062 20.8863459507656 19.564794738133696 22.191050644565564 20.228168786581328 21.61171129885875 17.88373748546345 16.59138039851345 18.9369808378375 17.15355768104502 18.555455940538494 20.312002073610966 19.221108529473806 21.328031426984815 19.792941577477727 20.835451977890237 17.30020411263073 16.360810627861145 17.884500972134763 16.850643664763457 17.673088297573035 19.98108684276526 18.956746677271965 20.8959556968973 19.493131123713177 20.441911780441483 16.95765926837441 16.209249650538293 17.379376983834504 16.621975100032998 17.217406923645168 19.908010120424272 18.89831314153122 20.796688846594925 19.436368894387286 20.35147498474222 16.875299421785137 16.21221601040569 17.299382850756878 16.57883409994856 17.109000695279427 19.913641841412435 18.88348517728203 20.771244382465266 19.430343218477237 20.351038264628443 16.859297770939953 16.277680392308376 17.29844234592195 16.636062884596615 17.042115149725756 20.030651505646073 18.951447394525132 20.878106069354782 19.534213670733234 20.467249399943405 16.963576025807498 16.434497717467185 17.425671821241973 16.76060431053512 17.1179198496351 20.265028528827486 19.148574268099527 21.114628557124714 19.759878714587717 20.701376700980084 17.185554570569593 16.71621575891756 17.664004069848126 17.00856131872513 17.332462313587488
2.250000000000001 23.731819373685937 22.582788480843256 25.02612890663752 23.120455144176947 24.43993927969431 20.764401936581166 19.678986822027536 21.62843924892265 20.039702274873328 21.329882404319076 21.857669128541524 20.286296235111855 23.493832927776143 20.994715290723622 22.83387876175708 18.85266282211875 17.24427599139775 20.411062158603414 17.827390682560235 19.832679314528903 20.951654071942283 19.625118836179176 22.255414482090465 20.292623795364328 21.676807975505938 17.949035709804637 16.64849844966775 19.00991656279583 17.215462195249668 18.623905010072423 20.3610224288595 19.26695917977296 21.37788793456203 19.84102177578059 20.88174066917267 17.34954782337328 16.402488207659456 17.9367422640818 16.895509411427604 17.72444859789473 20.01372300327945 18.993536845370905 20.92772938183419 19.52566615570241 20.47539484047751 16.991380911143395 16.235727554347843 17.415360490163113 16.65223436943075 17.25316294417827 19.93533129192869 18.9307079886293 20.824841105928506 19.46408223690886 20.37835290895717 16.90362180230878 16.235560459542047 17.329754841277694 16.603584963348606 17.138522277337987 19.942882512632828 18.912653498933498 20.79862752960128 19.459952366832756 20.37972154324711 16.888613737142844 16.304088641510738 17.32868976469713 16.664014595257154 17.071657650692035 20.055447890768054 18.97630503452881 20.897509933016863 19.559239498671243 20.491214888348654 16.988518396058197 16.455452263414802 17.452565712274478 16.784018085171574 17.14441892547875 20.274276486990207 19.153387738781195 21.12521569546781 19.766406261019526 20.711422259471174 17.19646988641051 16.71826214381923 17.66787064379 17.016409439722654 17.341892799205304
2.3000000000000007 23.787972014962747 22.649870528386963 25.063680927971262 23.189019847316725 24.485800977592564 20.8201098502323 19.757911235636318 21.662409033958085 20.11227797951924 21.370427497927672 21.92680091880176 20.359562157633736 23.562040492236804 21.06382004270431 22.902188249999703 18.921203025128378 17.30995377108806 20.481214650695353 17.89341782322993 19.90129785366708 21.018068789976716 19.683034754683497 22.32187143241635 20.357702710667887 21.741946143166857 18.014453565473776 16.708935698650432 19.081633906435126 17.276807703220804 18.69291058171176 20.41095787866338 19.312863932658477 21.42650909336843 19.88852886168346 20.930178589175096 17.399330228172047 16.445914703190418 17.990260525044768 16.94054826736601 17.7764257243847 20.046462425540653 19.029566948762668 20.959688530668828 19.559124313085213 20.508468407291495 17.02521122609381 16.262234724342722 17.45186977875201 16.682836869416075 17.28900363301824 19.962488401644396 18.960457989944718 20.849466440279702 19.492377257767927 20.404913230012294 16.930278052450703 16.257716111589822 17.359724367566145 16.626922222251977 17.16792747296166 19.97208582467309 18.942475712405944 20.826682058303284 19.48921413513445 20.40801622351644 16.917430739995222 16.331858491488575 17.359382617809235 16.691809469338832 17.101239242423823 20.07835891741879 18.99653564164686 20.920865109770922 19.580263348660527 20.51554630542675 17.011561844377475 16.47427236379717 17.474033748594355 16.806176406204603 17.16676169797665 20.284274227302305 19.161138656628236 21.135094405174026 19.774697707780753 20.72160002757848 17.207646947362434 16.72297341151362 17.67132101359328 17.023191885873864 17.35192619711689
2.350000000000001 23.845175018553856 22.72664584782258 25.103843364106105 23.256873911523556 24.53085993985182 20.87488605388325 19.84003617324992 21.69486223518691 20.18357110395664 21.411468939143862 21.996242765301496 20.431357340804407 23.628259914379402 21.134327137608686 22.97023292079041 18.990842500472873 17.376579393901636 20.5523294336872 17.95954536317205 19.96979980035866 21.083810835074633 19.746301546528855 22.38553424968354 20.423846512138066 21.807508793807642 18.079113311595663 16.76921497559366 19.153718342866124 17.338242304871667 18.760963264151314 20.459647936386226 19.361079360752264 21.472910245277962 19.937342191783756 20.978527201154286 17.447836936947283 16.486640418430316 18.04232510220213 16.98597525557997 17.82759994282498 20.079706456278544 19.064211462984044 20.992239610588875 19.59271414680956 20.541460716477406 17.059839191810816 16.288167111323286 17.488789430320136 16.71370569756532 17.32464788023369 19.988165208951695 18.988528980497982 20.875068677512907 19.51883232534803 20.430572559629507 16.95775303040559 16.28075560368803 17.389318451288847 16.649493497252035 17.19640262968213 20.0008791976896 18.97314581848222 20.85377814756351 19.519235338480552 20.436863740078824 16.94665475651369 16.358110036455624 17.390235417461096 16.71989293196272 17.131022746349455 20.097929338239325 19.014642996632936 20.9417401078347 19.600487472819193 20.534860909905262 17.03164181528575 16.490943132548033 17.49516160071695 16.82526764996459 17.186911013334868 20.296188942515748 19.1659052156722 21.145725746057515 19.781218746515272 20.734000510681902 17.22042365604554 16.72479716187961 17.67601233469894 17.030412861760034 17.36296723224965
2.400000000000001 23.900550002726142 22.80831130343204 25.14274101603549 23.325956120441337 24.57441710017101 20.93052554952162 19.917961343428512 21.729985530911602 20.254992425414166 21.453599785914157 22.065624816005077 20.504323634697787 23.694608669797447 21.204237484945974 23.037669359459183 19.05967062885618 17.444405685307025 20.616862234881037 18.026184943189605 20.038348670425776 21.14508189366365 19.810210123512384 22.449177037847562 20.485477030813822 21.871176048446568 18.142679389725682 16.827558346135355 19.21535952430115 17.399555367879945 18.824619020934897 20.50723567473642 19.41282473775497 21.52129185034717 19.985862886521353 21.027181997130974 17.49678973068265 16.52721838507125 18.093355926953222 17.030271934029255 17.877353178107867 20.115042812611968 19.10896581320938 21.024281317914884 19.633687790614996 20.575175150446654 17.09769982036324 16.31799411991378 17.53223023189491 16.747182360289965 17.364942921469282 20.01589826795783 19.02154652956048 20.899652521791417 19.548851317222734 20.455684720225573 16.98620071433312 16.305333294564193 17.422052909196715 16.67306592649015 17.228032877740564 20.02882715209453 19.000933037305206 20.88108210343048 19.546058624440064 20.465686937973146 16.9746769486505 16.38387209800323 17.418480756100774 16.747383548196392 17.159139930754357 20.11802793044017 19.034624468870934 20.960763269242815 19.620348960536088 20.55470771303124 17.05155688449487 16.507483074598582 17.516240453325075 16.84387102849857 17.20772818116603 20.30890918232629 19.180430341412787 21.15452279023271 19.794245753127182 20.746300402407204 17.2338447742509 16.727804658769532 17.69530380471735 17.041059937478554 17.37636138996262
2.450000000000001 23.961430126178875 22.890170314202567 25.184246411969553 23.398660552840017 24.622312101946765 20.98931322008054 20.00567403118529 21.767994863889452 20.331082519253616 21.49826676163611 22.13651181612252 20.578493875995363 23.757973610613487 21.27786427339581 23.10329862022905 19.13015045846991 17.517508810833814 20.68024624865651 18.097794082911168 20.10437767256613 21.20328386442501 19.871792903316713 22.50420968501134 20.544283435552348 21.928583476443805 18.201249703098682 16.88413766228941 19.275240189977684 17.45686219470584 18.882698961950325 20.555371689298184 19.465350062739734 21.566857131268485 20.035975035782062 21.073266052186984 17.545936181908093 16.571609460676317 18.143504227480193 17.07641974881984 17.92540800019885 20.159856734698053 19.154995089640888 21.06436570152033 19.678461530136012 20.61685630331405 17.142338544770794 16.36017240875275 17.575987259452248 16.78999040966825 17.408864322138168 20.04827437923763 19.05497342337225 20.928241980991615 19.581675494655098 20.48681867688034 17.01921286517858 16.332742054508017 17.455549061699873 16.704264305594563 17.261389265042258 20.053883198094834 19.027085476095046 20.90754639931463 19.57242867102277 20.490879444101846 16.999982324138198 16.40645621651985 17.446535242619063 16.77226727284923 17.185261554317304 20.139428578924385 19.052076841641117 20.977930052141517 19.63999257396031 20.57535580575309 17.071920348999498 16.52863850747315 17.53822264131235 16.86570781024968 17.22748472694719 20.325427001413708 19.197310667729745 21.171709183837788 19.81246376594132 20.760917057515087 17.24880740731524 16.74647010932997 17.718224574743424 17.056123187968655 17.394695966030987
2.500000000000001 24.021758401353203 22.965104263078793 25.224231966186213 23.46902253578836 24.669579455411096 21.04902884060766 20.094200064098477 21.802874056222066 20.406947620266777 21.541824348285083 22.20805981343191 20.65210916527071 23.821503227399766 21.352141467554578 23.168439755611498 19.20159670225791 17.589595816228496 20.743861250461215 18.170253028477877 20.17151442674797 21.261884313160508 19.931490350189932 22.559225792057948 20.603218143055322 21.984661755451782 18.26000367130487 16.938404116180106 19.334630042612535 17.51320585384353 18.940378864298108 20.602907888703406 19.51427277536211 21.612871315061724 20.085471268155107 21.119644139337463 17.595068361232283 16.618126271973797 18.19316307661616 17.12249136903783 17.973653095996085 20.205306794528635 19.20043400250351 21.107047872608582 19.724235254844942 20.66025029302899 17.187412499901463 16.40336452853676 17.62007346777541 16.833602115285405 17.452899683289534 20.080479541492284 19.088400317184025 20.959516126549882 19.61538014435419 20.51999918145881 17.05165663414291 16.36181207950775 17.488533892615756 16.73710561138977 17.29474506340857 20.078983623065987 19.055300503435458 20.932236162476553 19.59879871760548 20.515594166426474 17.025066834644967 16.430401798160446 17.474377073599335 16.797078887497417 17.211482052929913 20.161080506587624 19.07203192389892 20.999644287245577 19.660918513673895 20.595881098386553 17.09242016004125 16.55134926443114 17.560439740858502 16.886738770916583 17.247646321361994 20.342610811218258 19.21671947981988 21.190927183715193 19.830929710846878 20.777477657320247 17.263811169325653 16.769538016318233 17.742508925394965 17.073967713830708 17.415315712175648
2.5500000000000007 24.082932093573802 23.04233521446817 25.264826508950012 23.542037346375768 24.718045283825685 21.11054442241587 20.179894416618083 21.83883099412464 20.483322029249432 21.585628568464873 22.279987647140075 20.72585711173566 23.887841883568687 21.425525302553194 23.23420891117998 19.271472423237682 17.66139142279344 20.80851603652847 18.242152181048336 20.23897822894296 21.320730268497147 19.989955091256103 22.612716958717023 20.6623567428888 22.04237108607326 18.317130720767366 16.992844592774702 19.39468551739638 17.569561994493526 18.999594727361178 20.65178780603163 19.565463388224636 21.658456532706893 20.13436356783798 21.165631986747975 17.643671268247495 16.664526337329647 18.243275712189757 17.168385420640238 18.021554490704577 20.25039069651435 19.244398248348087 21.148926503320567 19.769719060045595 20.703094975044472 17.232326368246568 16.449248136124268 17.664438275257815 16.877466161473606 17.49783036335105 20.112424152040518 19.12133530015528 20.99023883748929 19.647290387235007 20.552666531193744 17.083570843184983 16.39010393687551 17.521224464034987 16.769162306432552 17.327801149529993 20.104302449768923 19.082390684214005 20.955837840900966 19.624773808631208 20.539759936639 17.050557969766622 16.454342695604897 17.502661740413025 16.821441895811216 17.238277946073936 20.18297236922794 19.090744872895744 21.022510682040657 19.682023385533817 20.616830119838614 17.11308464235797 16.574002926386868 17.582570983103025 16.9075681685315 17.268083736540277 20.362108801123128 19.236479987902182 21.205680754548606 19.850999916338036 20.7955215624786 17.28202361082017 16.788688900795318 17.765974082107594 17.092097774722916 17.437138291301675
2.600000000000001 24.14410857357012 23.11123429146915 25.304870407631313 23.612517206551548 24.76650966896479 21.16876139268788 20.263276811918814 21.880317592373416 20.55832956527851 21.63151671132518 22.348557580561312 20.79788593507469 23.95011309329389 21.49811232394095 23.299564242464104 19.340868611471233 17.73472384277142 20.867490296129926 18.3157191646001 20.303783337026456 21.378629240753487 20.048194963388664 22.668547427499256 20.72153680278853 22.09978708661609 18.37543674002551 17.04513550547061 19.456458903588462 17.626146712897466 19.059460828909177 20.699427634127147 19.620639058028242 21.70246656786681 20.183125302808396 21.211253678717856 17.69202376190698 16.709399280747242 18.292725297799777 17.214423384269242 18.071814789121113 20.293543240663496 19.283310090959784 21.189759040893 19.81133570434428 20.74554298708832 17.275191990526732 16.489861235145995 17.70339171980175 16.92106475579985 17.53852680689778 20.14454362122766 19.154580047381593 21.024211157551154 19.680073461957594 20.585148225781232 17.116486785452743 16.417146435308005 17.552952548982056 16.800983754649764 17.36050885806897 20.129819091738412 19.11217571948027 20.979246971350225 19.652589023869318 20.56376439643931 17.07648356998628 16.475846069005108 17.53187246649976 16.845935749867152 17.265819327714304 20.20390839631971 19.113680191814204 21.04341847808996 19.705126967912697 20.637593482593726 17.134140082307436 16.5975994748699 17.606455049550537 16.928783519750663 17.290206907234214 20.3800029442557 19.2529500281282 21.222638177549168 19.86861198164969 20.814610025898038 17.3002182467482 16.806228566123764 17.785842412765465 17.11048424085793 17.456621734116094
2.650000000000001 24.20407892503946 23.1782137373467 25.34883891955313 23.677463658336464 24.817239558115055 21.22506486576829 20.338652333121722 21.92449238602059 20.62753701822106 21.679256707398647 22.41414794755728 20.87509531763285 24.00694446730536 21.568719451235655 23.35932502137373 19.407208975781963 17.808558573277057 20.922635162202432 18.384959202644325 20.362847208238694 21.43519203640678 20.10721784843674 22.723738969588595 20.778205066366354 22.158627988336207 18.43413925764113 17.098340623491552 19.518769172191817 17.6797607012054 19.119272462943258 20.746384668391425 19.67382019117738 21.747139118543508 20.231636235305725 21.259102635455573 17.74139771251105 16.755358835592897 18.342566182365157 17.25976697169208 18.120230173691162 20.328614721240314 19.321926870585635 21.228153046726266 19.848347026750265 20.781635067166743 17.31153671478966 16.528076394500722 17.740933598137065 16.95749718866375 17.57471427423434 20.17653963990124 19.186228541593405 21.05597265768344 19.71229995063704 20.61632726260276 17.148468221704093 16.446737836860102 17.58450752157195 16.833650649682145 17.392508821631022 20.15913658033919 19.14360711864171 21.003060062740325 19.682897907131668 20.590871638802877 17.105743821918466 16.504098432736015 17.561433633989648 16.87454179836349 17.295147413185827 20.22794377080924 19.137034418299184 21.06397785170363 19.728696567029225 20.659346554881232 17.157168842423502 16.622818098231818 17.63187176566668 16.95236144412452 17.313649517823972 20.39692810947915 19.26749294162821 21.240466463614897 19.88465360321019 20.83300120553942 17.317110581005572 16.821442505450413 17.803190843837992 17.126179413335294 17.47448815204839
2.700000000000001 24.26216704065351 23.237782759161853 25.3945440077469 23.740151222611125 24.8668716416367 21.281335844404325 20.41249032428819 21.969987668369512 20.69472295369556 21.726910632228773 22.478558529476935 20.95143451459812 24.06053976717754 21.639671427077165 23.418214555850597 19.474259963412543 17.88338039200025 20.9792000313112 18.454086083091827 20.421642337361277 21.493126892824147 20.165658408780956 22.782025735400556 20.834123998548208 22.21758682122231 18.49311286697938 17.153107937464267 19.578724748167517 17.733648798075606 19.180600862791902 20.794218206332296 19.727643232631372 21.791528614314473 20.281163785083976 21.304924650272252 17.790101701784838 16.80070371093011 18.393435940201847 17.30425052203709 18.168476725399184 20.363236974351146 19.360345676994914 21.261150364599725 19.885597260401013 20.815674824347795 17.34692054262862 16.561883568606007 17.778126641357964 16.990764058139156 17.611116611571255 20.208425339172056 19.2176867660156 21.086714492329424 19.74440793030681 20.648202630778876 17.180576516046433 16.476868005175152 17.615399313240086 16.865145925081485 17.424198141406766 20.18844966120536 19.174669095703763 21.0306487724898 19.712866359032304 20.619462776994563 17.134726362402667 16.53365053792353 17.591753048603124 16.90370880615652 17.32476350201825 20.251461108054492 19.160371626963386 21.08729295119759 19.75204985095736 20.682225041026797 17.180355723400403 16.647555406918034 17.656910465322593 16.975784299225243 17.33769894261058 20.413557767545306 19.285032015238066 21.256643190119718 19.90194602372049 20.850106574036158 17.334097471830418 16.836884366499724 17.82032483633838 17.141934771225394 17.492504968427262
2.750000000000001 24.317694146319596 23.298274294661937 25.441131324156267 23.803487960086965 24.917382977272975 21.336095696948156 20.4824206089916 22.016273263700455 20.76230859920681 21.774161876105442 22.542440575174293 21.030247400730346 24.114852781414193 21.70773570504455 23.476615348010327 19.53903457063908 17.960462382110514 21.03699154928338 18.521533664480007 20.480128192031383 21.552085071689977 20.22400710614025 22.840756839075606 20.891283661760152 22.275875037045875 18.553178292725885 17.20648279721758 19.641413062290933 17.787350802961708 19.24189058619248 20.841874107008273 19.779224048366764 21.83594506918876 20.33102805952622 21.352305812511972 17.83868023217685 16.850255416993914 18.443789335538263 17.349884859629434 18.216708796975883 20.397285018900384 19.398697328829247 21.29499296062203 19.92196764192418 20.849039894923006 17.382630199044108 16.59661164896717 17.814818352577973 17.024516954741426 17.647489761059514 20.23941434957147 19.249074636722195 21.115717600221974 19.774735347453422 20.678993609396684 17.21121745884197 16.505976395014645 17.646801143869226 16.895999065695015 17.455240092320896 20.217772976310002 19.20479238093985 21.058550691538947 19.743113035311136 20.648470498762844 17.164040668707777 16.563374229077418 17.621364352602914 16.932559623756205 17.35405104220764 20.275100633447252 19.18252908732324 21.110227783872894 19.775882952468475 20.705732406255077 17.203437329308876 16.672701232913596 17.682212212730022 16.998899688600673 17.362049432690362 20.430678240412817 19.301947173150875 21.27309256962609 19.918669428473965 20.866625229224987 17.351867797086634 16.848577298802827 17.837665168247764 17.157612053009718 17.511312899782208
2.800000000000001 24.375550374493603 23.362049656296282 25.488477190197507 23.864724763229187 24.96635576737497 21.389923812846902 20.553702001258596 22.059918354921248 20.82987114136997 21.821130289474667 22.60785100402103 21.10704250086749 24.168137991313486 21.779278090146477 23.536860154746538 19.601374095561503 18.039135332307843 21.093013383030385 18.588706181642863 20.53949904449274 21.608570727487713 20.282573468008415 22.898447044568293 20.94758882410369 22.33433086926252 18.61093813021313 17.260193537382 19.700686321074066 17.84030634973781 19.301874681849412 20.888789109888865 19.827974539446952 21.87978913865956 20.37878909249862 21.399019274261885 17.886531661068602 16.90008798231609 18.49249199369939 17.39464696472979 18.26487420632674 20.432599062392526 19.440758720837902 21.327777858174578 19.95967989533941 20.882724235329068 17.41757313068737 16.632267108313194 17.85533902659741 17.05866259341441 17.685114672283035 20.27006396576445 19.28591285768746 21.144006814872952 19.806660133061072 20.708344426389957 17.242386745897953 16.53326023574198 17.68191239209888 16.925996057865845 17.487903331500654 20.24746950231208 19.23546826166612 21.085925430041403 19.774053692227202 20.676855042039296 17.193270805394164 16.591780496517238 17.652011256231475 16.96213531105226 17.383567362244854 20.299048436874326 19.203952776752274 21.13399102464623 19.800292526997918 20.72858714911653 17.22658503343261 16.695424693493944 17.7090073583296 17.022832991875614 17.38556401208097 20.448028614593024 19.31568321166175 21.29107970997677 19.934295311087773 20.88408344557165 17.369198104455208 16.86177747060459 17.8549568372576 17.17302396240998 17.52843398309526
2.850000000000001 24.426506170601456 23.413663027801604 25.53457603899672 23.91921448765702 25.011748122326342 21.44008247119185 20.621998622501867 22.102241100996316 20.888912101850305 21.86394685853294 22.670921207270396 21.187394110451965 24.22170402760464 21.847165561460894 23.59549514507868 19.664135917939042 18.114340100199193 21.149330795040015 18.65546622645124 20.597304102242056 21.66407661701335 20.34078558201619 22.954073120090758 21.002366554504253 22.39013094165517 18.666572175115476 17.3144985922162 19.758559021297362 17.893797706992114 19.357791967708426 20.933845550492542 19.875719512392113 21.923889489381683 20.422424669701886 21.44449639486217 17.93153285958647 16.94603054735557 18.541400556851702 17.435876874834417 18.311436885214757 20.471693743748883 19.483606889398562 21.362173379410965 19.999820129644974 20.918253782520562 17.455928041246025 16.669833111592194 17.897547735444817 17.094378804994847 17.724549497768493 20.30380777525925 19.32313403792763 21.173378804864807 19.842373617306254 20.7408945647739 17.276081276396503 16.566769726167912 17.718082229157105 16.95754673408057 17.52218527711518 20.277329991746782 19.26716812900093 21.114105098929073 19.80370558457396 20.704998936062637 17.222962869825338 16.621999531557105 17.683633997892038 16.990874389229983 17.413154512724663 20.323747061374775 19.22865572488001 21.15489899137632 19.823962366905505 20.751245454778616 17.250220753638544 16.722783974289786 17.735152109936546 17.045841247299798 17.410084955157124 20.462580145963322 19.329460702585276 21.308786469278857 19.95032388008033 20.899689518034574 17.38363236450588 16.87712459930451 17.872036460606623 17.188452141406582 17.544776723689477
2.900000000000001 24.47735487330315 23.47255654802221 25.57739769499069 23.975184258168223 25.057256054361346 21.48785430182297 20.687225512689757 22.143212096283953 20.947788758583425 21.906950563643154 22.73252847266686 21.266695979470263 24.278022685875214 21.917004989529396 23.6531528872828 19.72835457463713 18.19163665723026 21.204019341802603 18.72343967590737 20.655112628820202 21.7204259147662 20.399552561732378 23.006010249255898 21.059852817983565 22.444637478071005 18.721894360820418 17.370519915372157 19.816853104764423 17.946648197928035 19.413406279776865 20.977805475963763 19.922944508337608 21.968752357822456 20.466849226010805 21.489395444047666 17.9762101438521 16.987944612663703 18.58939161388249 17.475823261821386 18.35789646783052 20.509960351447738 19.525855080274965 21.399924067014382 20.039441356722783 20.956458513929277 17.49489162212629 16.709599697696444 17.93827709964116 17.1306654043454 17.764188009986917 20.338365866261107 19.359874427765153 21.205452991860692 19.87762206463594 20.77406162298454 17.31092206261046 16.60157562443705 17.752897351229585 16.99082249878335 17.556740183447022 20.306572180626887 19.299919807842638 21.1424646985945 19.834754292495486 20.73313638766801 17.252149687260207 16.651094126295067 17.715613241729685 17.02029699509948 17.442537462814737 20.347220892068 19.254410055050727 21.17862424904423 19.84843832771019 20.774818830372162 17.27330486045922 16.74606644613576 17.762269493981112 17.0700523461666 17.433523859458937 20.478044792578146 19.34522960393729 21.323272059649458 19.965663467546023 20.91439284459658 17.397359105635196 16.894086207503193 17.88962745946241 17.203203893056823 17.561671512923272
2.950000000000001 24.52830218570424 23.529058003180516 25.623647430604215 24.028003466032178 25.102912815785484 21.536023920226842 20.75052092945524 22.184997479645638 21.00531726445806 21.94959853847687 22.79410285925918 21.34305769778118 24.33281134598421 21.98370267121459 23.712280563682533 19.791018109218918 18.266367979785237 21.26024030144914 18.792533441918827 20.712139234362187 21.775680834521097 20.458646021841016 23.05978371550136 21.11548749311189 22.498920963095646 18.777729934161624 17.424021834165003 19.8733435522082 17.999460289871937 19.468576240929167 21.022347753452514 19.970058424276747 22.012631631106046 20.510821618793983 21.5347600483417 18.020356375310108 17.029443759917378 18.636862355708512 17.516335537736193 18.405232008528344 20.547011359859567 19.566579822466494 21.438488265228514 20.07829204704378 20.99357855405976 17.532794278041187 16.747106147245077 17.978970634898182 17.16642734157228 17.803234191829343 20.370468271379387 19.396773949968747 21.237316807873775 19.911750655789643 20.806563326948066 17.34400560178552 16.63363685948707 17.788104124313428 17.02231045580246 17.589993226147456 20.33561288188302 19.330752549384293 21.170994769446416 19.86603594404702 20.762550522630196 17.281103463908686 16.681721275903325 17.746917130422748 17.049960961029957 17.47244534487316 20.37042004056412 19.278736098470972 21.201871206436508 19.871503936278806 20.797901238337893 17.295592371143186 16.77220769522437 17.789082965714538 17.093557736866472 17.45659579832361 20.493987164235634 19.36184568557552 21.336296323310403 19.98123390011001 20.929972772321776 17.412233572123533 16.908783496118417 17.90747973804738 17.217651837027628 17.579449099959515
3.000000000000001 24.578397981749873 23.58496956911118 25.664762600927155 24.083745980657053 25.147099018835277 21.585090608188544 20.81463120885976 22.227773035762105 21.064089925911976 21.993065127890322 22.855885564046453 21.418754297352223 24.388344600716717 22.053296883926272 23.769138106710994 19.854454832736778 18.34042096557848 21.31319597452553 18.8612998092208 20.770671371133275 21.83068338450105 20.51753672060303 23.113053582431387 21.170676785183566 22.553461712834125 18.834205900641614 17.479429247050746 19.929291730384563 18.05222739778448 19.523082293968052 21.065306454947883 20.01759878299684 22.057240118857738 20.555434159990483 21.57961295915879 18.065877661055197 17.070869637452706 18.68310642822767 17.55784847657735 18.452337451825493 20.582899337744927 19.604194955290165 21.47503535898042 20.116185670517584 21.029684346243716 17.569971121696682 16.783471734095727 18.017146984216836 17.200217271859046 17.841203764589974 20.40247039866855 19.431097987940827 21.26873040349125 19.944982434518966 20.838355226418198 17.377093139667867 16.666266385038536 17.820956605437374 17.052459197239834 17.62358698217578 20.365068150447932 19.360710714985238 21.200447709701518 19.8968723056883 20.790793435614624 17.310909201600808 16.71198894384337 17.776592900951208 17.078656373161852 17.50217502053073 20.393034728000217 19.301165136894074 21.225008602961786 19.894861101635225 20.820236209442488 17.317992904935668 16.79609925863605 17.813588434952024 17.116567690496552 17.48037097852929 20.50990727624206 19.36980218361652 21.352886978060514 19.99361819774786 20.9463243551215 17.427404013340063 16.92400550633525 17.922538485999517 17.23193828463383 17.595536898850554
3.050000000000001 24.632424143090716 23.639409328276557 25.70644663566759 24.139759584542617 25.194457905951552 21.636781748979132 20.87529387499272 22.271362166964675 21.12183729751718 22.040235108538802 22.915936692044074 21.484517934030883 24.44256497843679 22.117054025114488 23.823873849482574 19.916265498028565 18.40571643935382 21.364229737580125 18.923761337674012 20.825762821929224 21.8838448571974 20.576445245597345 23.164274123720944 21.224954949795787 22.606768541618596 18.888315802738035 17.53461470458482 19.984465439231275 18.104235241282936 19.5752460901501 21.10939283540653 20.06804991157276 22.100611151899056 20.60125788797517 21.6231358251137 18.111730208813817 17.114014009975914 18.728153235521614 17.59945537999649 18.497316693350562 20.617007689799923 19.639821793790244 21.510494033291724 20.15169054245576 21.06472016422127 17.604514287482278 16.816492153372987 18.05411512786035 17.23174891512115 17.876924108109385 20.434830537343405 19.468385628666383 21.299180921700962 19.978559038353893 20.86886656421217 17.41011090464147 16.699706523073893 17.853065322771545 17.08429408033404 17.657019327845976 20.395169231896553 19.38974388284774 21.228042434550645 19.927052308321407 20.818970888451474 17.340404431064222 16.741496969910813 17.80543071617627 17.10762015466786 17.531846960380033 20.416028125219576 19.323851565142636 21.24841416080348 19.917801310268526 20.84253220831725 17.340736136186642 16.81768261850933 17.836372023249865 17.13903646201469 17.504333030386398 20.51865002585553 19.38051466519272 21.369616326840838 20.00131712762912 20.959364818096855 17.436670521527574 16.937225728244588 17.933242131286523 17.241913846724774 17.60499422852196
3.100000000000001 24.68658417637223 23.693961303899084 25.753519806316408 24.195389520275317 25.243416341473605 21.68848904983598 20.935582435911684 22.31604834654974 21.179581625508263 22.087606076874373 22.973036587312436 21.549189364158217 24.491880877096598 22.177790750603325 23.875727009282365 19.973911892366985 18.468417227656367 21.415872180653746 18.98361977422887 20.8802893855466 21.938520402791653 20.63566707278344 23.21274818018557 21.27919998062364 22.66009303798951 18.94214657280202 17.58888259063674 20.03970330918654 18.15397654993629 19.62826431049326 21.153670052961896 20.115501839146503 22.14045992080042 20.65034823318185 21.664507312683135 18.15638674680953 17.161117816538585 18.77339759572371 17.64145443409779 18.541765804300894 20.649979583495508 19.67633560610586 21.543771456470665 20.185773244333056 21.09808456596372 17.63810334268431 16.84617263376932 18.09197648585507 17.26300700569892 17.912657149332425 20.467974216341553 19.50229285157423 21.32996588455093 20.01279855685386 20.9006784494332 17.442479415714253 16.73377238148011 17.88453564700266 17.116510378340035 17.689392105284497 20.425136199477567 19.418263776454218 21.257668158432747 19.956911447755882 20.849109817824765 17.370111800441027 16.77354747009867 17.834211949288353 17.13859635328333 17.56134621597859 20.439303980810053 19.346106282128122 21.27094407829928 19.941110644494493 20.865397329131135 17.3639099299627 16.8382005506564 17.859475963719184 17.160314322958264 17.52817418461142 20.525831830535985 19.388429708921514 21.378293552252437 20.009764311213722 20.9670719814976 17.443021895856393 16.949014392139947 17.943590504299447 17.249831514700322 17.61373705182621
3.1500000000000012 24.73975727647604 23.74906766556769 25.797822001280416 24.250045420733095 25.290051361582535 21.73961137270725 20.993960018484806 22.361122829666773 21.23828724369579 22.133858870623072 23.02977864801294 21.61570310447317 24.542047121367993 22.23802097247976 23.92973648399841 20.0308648760739 18.52751323476035 21.46921671926278 19.042359177506544 20.933734299858287 21.990451920269628 20.694337942894062 23.261819157466558 21.332257540824628 22.71192088875128 18.994992544130252 17.64264641610563 20.092851359355134 18.203298307920246 19.681036135718543 21.19793011514244 20.163973840512853 22.180625170562077 20.698151290560805 21.706030922165763 18.200485286741348 17.208305100223804 18.817796238661348 17.683717808520772 18.585941774026523 20.68321256743821 19.711134105101 21.57496379582369 20.220957349102612 21.130053354792206 17.671733930397256 16.877074207515825 18.1293958900051 17.29369273469561 17.948303375195948 20.498963067952424 19.53389379916309 21.360677953686604 20.04364320132158 20.932166356733447 17.474397418983692 16.766040239760112 17.915096815818238 17.147087491645546 17.720897836441623 20.455447918259868 19.44702719819343 21.2881319218495 19.98680360152859 20.879830649646138 17.400347876119334 16.805799180500713 17.86288120026293 17.169362592742367 17.590881117444056 20.462142036956756 19.36884271454122 21.29257310104845 19.963943276659705 20.88791769120287 17.386779062036698 16.86074974473033 17.88221995840945 17.1819852410674 17.551567791607827 20.534754897082813 19.398326378880476 21.384872984375445 20.01966277550173 20.974940576427155 17.450655725603955 16.958516171108265 17.956051484524163 17.26008045685512 17.62326274198385
3.200000000000001 24.7926013146257 23.806849727101582 25.844431343281933 24.304931051056382 25.336607245550393 21.791416203865914 21.055139588494438 22.408550840458886 21.296079265958845 22.180837142519476 23.08740621897558 21.683208466046533 24.59220112815326 22.299000147219388 23.981331687100138 20.088228794762827 18.592459940635436 21.520379486484178 19.10242921672351 20.987975556416625 22.04301578865762 20.752716026258028 23.312181822802838 21.386288577915955 22.763052448230763 19.047637444847247 17.6940568852458 20.148205728764843 18.254129952565673 19.73498163241194 21.242088991640735 20.211074551205005 22.22055304990847 20.743678533190746 21.74868035416377 18.245732218074238 17.25066012634847 18.861494273482332 17.72588554962837 18.630094820648484 20.71736250459543 19.745982704345412 21.60837151866941 20.25669651861174 21.163017762837715 17.70574423337872 16.907926607781743 18.166249453802838 17.324972707987378 17.98453182180771 20.527974915804737 19.567909864991716 21.391161844591945 20.074731853902517 20.961180728698835 17.505135118492085 16.795507040924218 17.944843534664958 17.1760170586035 17.751526774352165 20.48546070207676 19.4754487645248 21.318138009577964 20.0157125959756 20.910541657202522 17.430151581124946 16.837429587043637 17.889511904855528 17.199550365676828 17.61974582396728 20.484931147679504 19.38981911039839 21.314679908635267 19.985469931619193 20.90992745433023 17.40937639291196 16.881381382173714 17.90464436093942 17.20427593770934 17.57491616660573 20.544400126440365 19.412971373663904 21.392551884682554 20.030742962761327 20.98405346985427 17.459270218982088 16.969071755174365 17.970867754503615 17.269914717685083 17.634821425487676
3.2500000000000013 24.847069644720424 23.859297148786798 25.89271157817585 24.3610456293179 25.386334003824587 21.843905709390924 21.114775758221473 22.458848826260937 21.3521556680613 22.2305579081621 23.144962243253893 21.74988945205808 24.64231749168071 22.36171932360242 24.034145379182853 20.1487181451442 18.658699481934597 21.573418299037584 19.16346515425837 21.040095628428148 22.095561300558547 20.809341413082198 23.360960610425916 21.43918585188965 22.813014823550542 19.09986865943518 17.749808524542143 20.199653572472222 18.30390151304162 19.786836630608185 21.283800177091635 20.2556046645126 22.260430842745624 20.787541588309672 21.789494948353273 18.287564671515064 17.292414992993688 18.905520404832565 17.766225610976676 18.672663285401807 20.75427854333816 19.787064942232792 21.642271727975068 20.2955926657109 21.196959589704534 17.742462458533367 16.944792077024335 18.20360727610106 17.359869312439123 18.021764799085318 20.557673616409584 19.600294150749328 21.419423950688778 20.105290564741708 20.990310852030262 17.534726526651397 16.824375136872092 17.975019186588725 17.203953872708716 17.781973815657395 20.510447788441617 19.501608027692455 21.347919460893927 20.040544546214495 20.939084617194744 17.456556167218714 16.86386378446465 17.91419729865178 17.226631702901198 17.64428405191816 20.50576702609508 19.412445528606227 21.337931424628422 20.00908712907125 20.932165931424993 17.431670552240035 16.90472069927 17.927200818157225 17.227377138586856 17.59650535606262 20.560442154690573 19.430197411392186 21.401530610262643 20.04959617747602 20.995276326079257 17.47238568120815 16.985404025945286 17.992039708408587 17.284462074645443 17.654200155718954
3.300000000000001 24.901859856425872 23.913046100971794 25.941738090346092 24.416176209627384 25.437632816546664 21.89601008342999 21.172343959336406 22.509886800493085 21.408621471148006 22.281446244209693 23.203937543068683 21.817222973465864 24.68992945335313 22.42541182912034 24.085704701487046 20.209141202851903 18.723312666785983 21.625913776866064 19.225886336006813 21.0929654258927 22.146967929274357 20.865684317821007 23.409005114972793 21.491465072072813 22.863102309859986 19.15166629960398 17.804935164995634 20.251770693970517 18.353876937275555 19.8384546441202 21.3239138972245 20.29932392918789 22.300055075563357 20.828978806632456 21.830817863214453 18.327923185560138 17.330754580211064 18.95085918559021 17.80390946526773 18.715585834774362 20.793061703995754 19.827737902974 21.67846550092364 20.334986402796055 21.235386600591315 17.781584997724153 16.9864492563832 18.240470120480317 17.399701470862666 18.059670300940653 20.58756035754591 19.63106481096718 21.44731620442521 20.13589280783685 21.01982137664823 17.564840912294578 16.852703334825506 18.00557457331078 17.23310084074088 17.81256940839125 20.533562186418514 19.52736845668847 21.372080875810564 20.064752117792402 20.961296924929915 17.47999954404189 16.888366096091424 17.939797415593603 17.249691379292816 17.668432074936785 20.527895694967476 19.434734769847427 21.35820767423384 20.031860049472716 20.95377617332567 17.45280367215188 16.931725978603765 17.94846519040252 17.250454827628623 17.61742396782866 20.57862627492269 19.44943986242731 21.41805056055895 20.069062697601847 21.015504774320103 17.489681839966252 17.01155345168098 18.01433222165662 17.302193521079335 17.67595822305513
3.350000000000001 24.955376860639007 23.96543819360417 25.991550735783836 24.47101580526254 25.489179600941718 21.94729443047808 21.22970594716473 22.561251379164755 21.46619536682474 22.33207840632077 23.26009444654227 21.887713532792706 24.738947377003736 22.489299618565706 24.13812207910094 20.26620502822907 18.791827445350616 21.67498947371678 19.290194554719356 21.145006653818154 22.198903931735106 20.922097779502423 23.454982029488505 21.54257006112074 22.912916070143183 19.204510616668706 17.857110159829325 20.305015795614413 18.40473918061172 19.889825000860036 21.364798631431515 20.342738201113814 22.34046229654524 20.868887232725065 21.870940476709176 18.36883910958545 17.367959649574196 18.99553836525624 17.84064294175551 18.759286194361053 20.832763199441032 19.868136789445256 21.71602365729171 20.375307656588987 21.274204757147107 17.820445057939782 17.02972920283108 18.276907705396216 17.439096133868148 18.097835433918995 20.617397151429543 19.662508795942166 21.476493247172396 20.166073218366463 21.049530150843438 17.594302513448774 16.880666535389853 18.035815914898837 17.26219222179791 17.84320459103143 20.556454595254856 19.55335805119534 21.393800678222405 20.08951385585738 20.982250853503892 17.502751266362562 16.911102935470016 17.96559591937106 17.27082065190354 17.692511884673593 20.549438490129535 19.458470594322677 21.380127996857 20.0550240325239 20.97576492965479 17.47414158033143 16.95799490205979 17.968651391698728 17.273525998274735 17.637931040993653 20.59947671222522 19.47050666780576 21.43959168890304 20.090176838996154 21.035592661826207 17.50861034520468 17.033582412303744 18.036963121076305 17.322342300968383 17.6974975655313
3.4000000000000012 25.007880260788895 24.02225694840778 26.04154327759971 24.525891464130844 25.539559810357606 21.999302463858854 21.288491293555797 22.612261065789337 21.522451216377526 22.382657820690373 23.316980692703957 21.96104293287729 24.789258575993557 22.554081926612316 24.19120048361911 20.323791541600826 18.865419863290704 21.72367114414339 19.355390968726805 21.195639412103393 22.249601261867365 20.977056135813875 23.501683678695045 21.59400003351571 22.962141356532626 19.255518149136584 17.907972449174714 20.355867721014736 18.45374252079303 19.941036257546347 21.40512143441226 20.38413997826639 22.38073409406892 20.908719208889163 21.911817194151524 18.41078055935445 17.406897988808858 19.037698868956333 17.87926849603078 18.801535339424735 20.872606334190742 19.91135342528917 21.753053755506816 20.41555801147112 21.312550218948004 17.85956973111096 17.0730627660781 18.314722025872534 17.479473711346934 18.135680443922492 20.64721897839413 19.693400875103546 21.505945253789328 20.195982611363426 21.0788970837173 17.62403930470828 16.908726811340102 18.066250295995538 17.29146468839786 17.874320498936633 20.579582100600597 19.58442773416045 21.41510011906127 20.1145995995882 21.003701103150657 17.52627349875256 16.93530452866942 17.99356901746668 17.291578521180636 17.717635123957884 20.57089216363538 19.480779469584025 21.40096236179592 20.076909326737002 20.99713584394659 17.494543176841866 16.98364853482289 17.989964315891957 17.296414510584437 17.65928752929108 20.621489383969223 19.492532693871862 21.461881498465974 20.111392133843708 21.057015023258128 17.529757107295843 17.054479835356535 18.060229566751293 17.34205270178515 17.720584264419706
3.450000000000001 25.06347909812692 24.08112528189487 26.089448483686382 24.584458694482613 25.591841377069265 22.053795212031396 21.34654714313643 22.66445862359943 21.581109097727033 22.435781428424207 23.373078851900395 22.02637494541188 24.841256839861725 22.61612838648671 24.242297652555614 20.3808975998786 18.93822830663529 21.772338108096452 19.419015276954642 21.245720976791983 22.297343075732662 21.030471195256013 23.548911311714626 21.64329779648064 23.00962831889421 19.304015602511033 17.960044144900262 20.404375820094543 18.502549717041504 19.988875959699236 21.444051713020837 20.42430440704955 22.420379076760884 20.946551924715717 21.951576570905786 18.450785726045545 17.44325477544354 19.07707857973965 17.916795947124374 18.841324103260426 20.911257740590493 19.950773860635728 21.791054272452012 20.45500141429432 21.35085181145285 17.898280555306872 17.114971818268412 18.35329100951655 17.51888063883081 18.173874853786803 20.677460613501726 19.72512759084561 21.535397260406256 20.226928499842515 21.107974810703297 17.655160266946314 16.93791968843594 18.09687835239077 17.32074227867894 17.90555554516724 20.607689064828755 19.617199572261953 21.436353338287162 20.147608352206948 21.026954913244765 17.554166184021845 16.959673457762204 18.024611063079032 17.316585834819826 17.74982482121844 20.593210478623632 19.50343449394836 21.42359346365794 20.099892223595592 21.01863705278406 17.515728239544863 17.00613496263482 18.01371140845688 17.318117759250253 17.682782146334873 20.644377115361806 19.515776846337243 21.48461279967877 20.135063459677696 21.079619555932346 17.552381441141854 17.07451882127983 18.084614121758833 17.36266726138287 17.745363434856802
3.5000000000000013 25.12102815638086 24.138840660741824 26.140802329602963 24.64197372028949 25.64576315499276 22.109204991018746 21.40698777561187 22.71580425109058 21.6407671825519 22.48797555503738 23.42627112451582 22.090993735908103 24.890609996000745 22.673642925708897 24.291849881488865 20.43463217415315 19.00326017820056 21.820978990247635 19.477464500174683 21.295471864248974 22.343473221999197 21.080686090465964 23.59346982897992 21.69119825531389 23.055308871640534 19.351428944591703 18.008458440565708 20.45053807102438 18.549061794122984 20.035783216584637 21.48200515026503 20.465120863915452 22.456585423742425 20.98558637109385 21.988812545061283 18.48888344234982 17.484743327482718 19.11637421432673 17.95384302771021 18.880006599408176 20.94909543752852 19.988190446385147 21.82772921338812 20.49291579152285 21.388168773068323 17.936428919559972 17.1573557013243 18.391059651437303 17.555187904495554 18.211364174340712 20.70783469967912 19.758054135907994 21.56556029240911 20.257515335687497 21.13844143271903 17.685801711026592 16.968849572568125 18.126253306675633 17.35034033174787 17.935900540551202 20.641398929620806 19.6474536877371 21.46440132899432 20.180260110673146 21.060218288208347 17.58691441252686 16.994934290584066 18.05453369940614 17.349671639857423 17.782487394550508 20.615407694422274 19.525523824522544 21.444664606168683 20.121661631066715 21.040646478549892 17.537724525628192 17.02601501101458 18.03559363867537 17.339066551868495 17.706045785411703 20.667705193684505 19.53866040445373 21.508647954221125 20.15753973443187 21.10295212701812 17.575548764788522 17.09562894506555 18.11016967060786 17.384766158159266 17.77138422266973
3.550000000000001 25.177821727278758 24.193628349959955 26.192322535957107 24.699348499282685 25.699793801472442 22.16348506492681 21.4683664073394 22.767700031454496 21.70156795231411 22.540188241436283 23.479615185385086 22.15753332479151 24.938971215331314 22.731824509206987 24.341648642537837 20.488145089199328 19.067745620852303 21.869927082013124 19.53550647291239 21.344960441453903 22.38940218516752 21.130057178474008 23.637202057367556 21.737491701737614 23.09981319055508 19.395929836032774 18.05479742895906 20.49643247552203 18.594469355809228 20.080726338237852 21.519822129882265 20.5061425019812 22.49251643414775 21.024476801049783 22.025619166666655 18.527191386934525 17.526198571564034 19.15550691505499 17.991092256269194 18.918325719026647 20.984041223728568 20.02459085021607 21.86527101605852 20.52824281206245 21.42433622018295 17.97222504763155 17.19460373540892 18.42818804857955 17.59005433673844 18.2464978449298 20.737450713759515 19.78806774608293 21.596047822273384 20.287545289272657 21.16870085125468 17.715832261108904 16.999892270014474 18.155355656722513 17.38002320653654 17.965014761299113 20.672968494953707 19.67668937315832 21.496159096882845 20.21106077086668 21.092975551017233 17.618994296384706 17.029957002725936 18.08343693332406 17.381938326083823 17.81244979935318 20.635694138989223 19.545904054307016 21.466595965446743 20.140382073578998 21.0628552334707 17.55906591484321 17.044730125524318 18.055987153962477 17.358914485545586 17.72710806451966 20.6907321071094 19.55888380891882 21.53153104743439 20.181468749265143 21.127347278553952 17.59880025719113 17.115671877061914 18.13738129242337 17.40714484787039 17.79739675576957
3.6000000000000014 25.232096456585623 24.244920677239996 26.244239239237924 24.75605624684198 25.752607158217188 22.216415396577908 21.53059207366901 22.818552135805835 21.762009115389574 22.59178631871112 23.53331914701338 22.2220138817896 24.98704363412406 22.790013091218093 24.391073963513076 20.540417267160947 19.133000053943757 21.91859639620119 19.59286098081977 21.39494452931359 22.434646120366075 21.180947402933732 23.679589825127398 21.783444467252462 23.14350847206923 19.442557543768256 18.101016023277207 20.54147865608211 18.637697744225793 20.125452342927886 21.558206893065456 20.545691353565342 22.529009481555235 21.06250277466036 22.062533222224218 18.5654060026499 17.565034225738803 19.193967735738866 18.027859394760757 18.956290939694732 21.01594382076524 20.060562622993142 21.899257081245594 20.561551286798966 21.456403413507726 18.004434248216697 17.22793194782104 18.464269643976536 17.61997513836544 18.280780619777865 20.766115251701166 19.819195290319797 21.625820795976587 20.3166940139316 21.197345196887156 17.744762462867484 17.027824547339833 18.187546778085146 17.407608706821676 17.995119323875567 20.702390141118315 19.70623570246715 21.528444737894066 20.240679344466127 21.12304457440592 17.64842068889186 17.060829817714275 18.1127704416746 17.411987823319237 17.842204339260046 20.65514265589089 19.566101965522996 21.487776824922136 20.160758740979375 21.0831835147405 17.579245887938672 17.062608823897005 18.07642895633675 17.377653802586376 17.747835231096627 20.714522264833523 19.574985213936486 21.55463394227084 20.20325066543502 21.15116583948484 17.621889490136923 17.138684335203287 18.16124802478595 17.428295929226287 17.822438261771495
3.6500000000000012 25.286556373272106 24.29215849091254 26.295447268128985 24.804978689454956 25.80349510887254 22.265858566489598 21.59178519558323 22.867154876080882 21.818050515673683 22.641095274075735 23.58453435149423 22.27712001886549 25.03450131665231 22.845499782969604 24.439154862216526 20.591120596583146 19.196841374975726 21.963562377435288 19.64950961800174 21.44245175519754 22.481924908787473 21.228897935275096 23.723664313148067 21.82902961434199 23.189150998218434 19.488917917265034 18.147118864318184 20.589346376090088 18.681865554860977 20.172539965702853 21.594184912152627 20.579639091938613 22.565835007065452 21.097959346604163 22.09965916681195 18.60126826795371 17.601837961184533 19.232827430339693 18.062858092785763 18.993008034711718 21.047451928287774 20.09507487047921 21.92960300848068 20.595520578131964 21.48738834326973 18.036827288334415 17.260120020698345 18.49970218812682 17.64927517533578 18.315464604703255 20.79529946120138 19.85038455048605 21.65498408491287 20.34823790746253 21.22573414841535 17.775076791278096 17.058465123114843 18.218146254764825 17.435718850873734 18.026642938320965 20.731719001596083 19.735498820397392 21.556157308106705 20.271578545270557 21.151965820565877 17.67774862308198 17.089874420442417 18.14309314992812 17.441198691296766 17.872742483893514 20.674748870315497 19.58505520789748 21.506969637801895 20.18041617744374 21.10215397783306 17.59940593540081 17.07963740006864 18.096773377490706 17.39652101626865 17.76845835106233 20.733395894177587 19.583387377803668 21.578650936982314 20.215713191861592 21.17517859854108 17.64110860969125 17.15555171038275 18.1729739279279 17.445906378988642 17.8390722281747
3.7000000000000015 25.332691712957896 24.33815755274475 26.34437376812576 24.85128166816388 25.85283469420094 22.31223832621155 21.641211107189406 22.915574078116713 21.8635642029948 22.68891488285011 23.63214062766437 22.3287660089866 25.079574126856105 22.896661423166563 24.48440159720898 20.63872284283975 19.24862284554565 22.007855062276228 19.70056076605074 21.48786113402523 22.528869319703006 21.276000021959252 23.7665864043592 21.873895224328507 23.23517782435996 19.53645958070134 18.191710217394416 20.63655864953009 18.72495785908124 20.220814030861685 21.626596933669816 20.61164701054825 22.604101489630576 21.130883358172003 22.135135115745225 18.635758232961685 17.633809230959084 19.270369679787013 18.093007763982566 19.03005528110365 21.081060096792456 20.12635513182333 21.96098029481216 20.629000289736542 21.51890700686925 18.069724158237015 17.288846129984417 18.533832495881153 17.679650538431893 18.35006291124938 20.827215737281605 19.882418731170706 21.68466823331747 20.379694533697748 21.256226313642806 17.806694293064346 17.088430139032045 18.247266629518077 17.466164157209423 18.05858304687465 20.761121284275077 19.765194208917013 21.585060809077774 20.302191958128645 21.181550348413573 17.707362521709996 17.117338699624508 18.17327921573496 17.469958954471455 17.903495164906705 20.69525475435078 19.60528446266589 21.526342967128837 20.200743380534167 21.122864503185962 17.620092604769535 17.09952510011443 18.117108841111406 17.415878966159838 17.789032320653376 20.74559366733495 19.592369339591343 21.598874691360596 20.226821088395635 21.189196182745807 17.6548481617978 17.16395764561304 18.18509299526622 17.457608540251385 17.85311370883233
3.7500000000000013 25.378746674106722 24.38482118102269 26.39214263253914 24.897286099261862 25.899731208409587 22.358740696111774 21.683855734473617 22.96370852448274 21.907493984077288 22.73686568739575 23.680845069805393 22.3818843837764 25.122034229818702 22.94774134374388 24.528853780359498 20.68548459928299 19.29827485398707 22.052613606858174 19.75046349474583 21.53251447790992 22.573982235836485 21.32279429019926 23.81386073735655 21.918912577356103 23.281936626583835 19.582285455880665 18.23560500822743 20.685137428139022 18.76838471834385 20.268348048517037 21.6596887877424 20.645078198576986 22.638315085872232 21.16276429557864 22.170014714491323 18.669494676526824 17.662866340658585 19.30745237170696 18.121944034072325 19.066042299992564 21.111525117572036 20.15423755943096 21.99190691260759 20.658247477151384 21.55147748645819 18.10079170817989 17.317806162715957 18.566719520136004 17.70933938037524 18.382022868575138 20.85883046944726 19.914594551615515 21.71422343357102 20.411630698805006 21.287390808150217 17.8383328183589 17.118395154949244 18.27714460975326 17.497803418242057 18.08966289820959 20.790437273042542 19.795873330001434 21.614530953419507 20.332658229584073 21.211117137597828 17.736970742055732 17.144741939604877 18.203378536300868 17.498668134771886 17.93406816620019 20.716239369055454 19.624600901481013 21.546026533184715 20.221184471528357 21.142881883062003 17.64096850372495 17.119585858132346 18.137422754746954 17.436919751613107 17.809920822501713 20.758153801404266 19.604028394204988 21.611984674648546 20.240055526504637 21.202125862808515 17.66890244101594 17.172600199129125 18.19704235225661 17.467598058747456 17.867586454200104
3.800000000000001 25.42489831941385 24.431145576832893 26.43991149695253 24.943799858355707 25.945629004660848 22.40525198453172 21.726541701060878 23.01228614221844 21.95243726698454 22.785015712216868 23.728706983901283 22.434264886812358 25.164567193556486 22.997143920694445 24.57443002669111 20.733203117891073 19.35048002188021 22.09514875171589 19.799081081389396 21.578607001938657 22.61929175404335 21.36815209411634 23.857311718492042 21.964117119147975 23.328592498473572 19.628634051937386 18.2787611592159 20.731210773985328 18.811366394424102 20.31566771554202 21.693249665801332 20.679709714558378 22.67301129967378 21.194644072062307 22.205095610940432 18.703854597313615 17.691600657542153 19.347084650969162 18.15066309729077 19.102515603740684 21.138726686669848 20.183939457247376 22.022787665570853 20.685492680373557 21.580907165298918 18.128977915029623 17.340390199056273 18.60054083474922 17.73425634549858 18.41345020773408 20.890542461211826 19.946845137843695 21.74487150665991 20.443200448395913 21.318593004545985 17.869462127076183 17.149203646266482 18.30755771274758 17.529571611202886 18.12108719911939 20.81980580395109 19.82293539673887 21.64431445050602 20.361393027397042 21.240296564208474 17.766447494271446 17.17141969694806 18.231029943828933 17.52698231684679 17.964137832917718 20.736732230655576 19.646853804227963 21.565686483749868 20.24117489189613 21.1633918677047 17.661772370097324 17.139805000677665 18.158820450031513 17.457904350410523 17.831424890180422 20.773009420901325 19.618972274558985 21.62603760315181 20.252802747405635 21.216653994869006 17.68497287415751 17.179586455386463 18.210410501675018 17.479719984590297 17.882806159140166
3.8500000000000014 25.472767600447344 24.479804389250656 26.486878764175575 24.99401067370719 25.993686280852085 22.453468287220723 21.769487132363622 23.063596343483727 21.997458048537002 22.835243386895613 23.776869508547183 22.48744543827744 25.206087440456113 23.046983154875328 24.617445216998576 20.781521990542462 19.40018687681676 22.139892963105414 19.848899232501285 21.623388443801552 22.663285039100444 21.412071039618144 23.90177227999334 22.006177515129398 23.374477491696652 19.67343300696719 18.321119315225193 20.777304559470956 18.853132391891993 20.361277827665106 21.727273659914683 20.722817611745704 22.708644734904635 21.230390911693465 22.237771597216675 18.739972227129563 17.722688556877664 19.386165090217315 18.180488359274023 19.142091035836447 21.16862105919771 20.222893849944693 22.050863939925925 20.719975022263046 21.606614064486617 18.160528229254886 17.366125179600992 18.63697984431379 17.76035801433148 18.449130823230504 20.922373090530932 19.978984686439095 21.77532680316561 20.473973177986785 21.349535450381772 17.90116345090634 17.180375338328233 18.339744247785205 17.56143167506853 18.152929796503198 20.846893564064985 19.846577273209185 21.673327748764116 20.385165592578918 21.268983036629344 17.794518369092913 17.19864602648875 18.2534661305287 17.55508743043052 17.989139158883976 20.759351981160048 19.67128122378493 21.586484714015256 20.26608842539556 21.18456767359322 17.683377497602738 17.16082805269165 18.18455894485162 17.479237232267014 17.85605979869106 20.788498743165093 19.63632232727489 21.640928937117117 20.270004095887494 21.232180358168637 17.701798790061794 17.18796999578012 18.23157249962988 17.494230568204713 17.900166199907392
3.9000000000000012 25.524658158282058 24.527374248971974 26.535916018549077 25.045949635095365 26.041602785699556 22.503377835006457 21.815783498341865 23.11548006981461 22.047047014250317 22.887247933141353 23.8233448971176 22.53728653679678 25.248493051020205 23.096722710340632 24.661937112458382 20.829597607754902 19.44521135055726 22.183397545651587 19.899104957951174 21.66960142531429 22.70690546134707 21.453537208815515 23.945068600394375 22.04754692630465 23.4174098004278 19.71647125211522 18.36082857021934 20.824343530352348 18.892138550091655 20.40510477001228 21.765130664176564 20.765991655001425 22.744003213732586 21.2692030024744 22.27369394425646 18.77758343950393 17.754765349063476 19.426428733152978 18.215906577830786 19.180457310332734 21.20741052600998 20.263080717415512 22.079355527329188 20.760172513178908 21.641686796051992 18.198066368169464 17.398087844144044 18.67306035341817 17.79635056762011 18.486416271661145 20.953385880635672 20.010306811960035 21.805652698164995 20.506512662410614 21.380470056236057 17.932573254503488 17.21288764754458 18.370758336900785 17.59266973114773 18.184396851216626 20.869244087439718 19.869539142553553 21.70115862094443 20.407557693421086 21.293201347395943 17.81789400787023 17.220421822296963 18.27516537917847 17.578543268491735 18.012228883177958 20.784682218264667 19.695090885712773 21.6077594299594 20.290419134843997 21.20897572811161 17.708297666407848 17.183695346224745 18.20935686593305 17.50245663954325 17.882226179411216 20.808036949942434 19.657863190630717 21.65699577721149 20.289058497554517 21.251227956502838 17.71879462550379 17.205382657962858 18.25428717725664 17.513187632881014 17.92212863089667
3.9500000000000015 25.575664515838188 24.57606593967458 26.585331543786584 25.097237708401494 26.092726705834593 22.55449538017868 21.863799265313983 23.16627089992969 22.09939119081879 22.93761216357791 23.870294601224288 22.58567692143599 25.29059628071777 23.146143853923437 24.706339841078528 20.87836827849489 19.493097532251966 22.226139475314632 19.94690181940758 21.71474543033452 22.74819983286006 21.494683371688705 23.988282519321178 22.088133347379497 23.457920109271715 19.75884976951871 18.39671701378668 20.869835260723217 18.93055725736646 20.448767310050517 21.803061737347953 20.807970681814307 22.77887274752913 21.307661694807198 22.309805067320486 18.815951404002202 17.789930945659307 19.46582602752449 18.252178341557062 19.219858133591018 21.24747900551369 20.30400994297781 22.113513705342836 20.801030570887608 21.680253567974397 18.237709409719912 17.441332898066694 18.70819677218114 17.837078404220502 18.524133370195273 20.984164985299394 20.04179377394728 21.83621624913219 20.538847929223135 21.411096210258094 17.963703521546876 17.245791502056868 18.402500044359197 17.623945206774092 18.215808217440767 20.89131834459981 19.893118492504968 21.723919745949555 20.429597211760193 21.314522782601816 17.84014329730595 17.24009959691562 18.296702981082905 17.59944682871663 18.03499096906732 20.809125040512946 19.714501687241775 21.63390692790764 20.312393005033957 21.23443653747179 17.733205236150596 17.205915729537704 18.232060790874463 17.52588964298513 17.90551871053985 20.827517557419448 19.680746442477233 21.675350728764027 20.311416245296122 21.270043960663074 17.736834665370978 17.226968632747866 18.276253793915416 17.53294142944956 17.942229291331437
4.000000000000001 25.62651758590509 24.621115875265364 26.634556488059403 25.147016297102432 26.143478555155706 22.6050042408746 21.9124052496352 23.21631789839317 22.15091729039543 22.98856878293148 23.917157622177385 22.6360317338028 25.331669353689843 23.19357869182395 24.748724923251718 20.927037340539385 19.537090538522182 22.267945522123604 19.99467229979594 21.759253056803388 22.78731139558986 21.537338138286263 24.028472482430402 22.126053345809023 23.49899504448739 19.798921151876847 18.435795936988505 20.912776593805717 18.966933769124868 20.490885509851285 21.84012707084114 20.849362515890686 22.81329735385526 21.346257905871077 22.346965052047658 18.854197559031093 17.825905588412798 19.504196720618005 18.287857622112735 19.25899300626686 21.286968323314014 20.343123287803675 22.15126318269864 20.842077204792876 21.719685760534652 18.277885119767717 17.48589695911496 18.74264516533924 17.878486696589643 18.56148845510203 21.015279799685473 20.071117727341306 21.867031391474796 20.57106766569598 21.44174315682541 17.99467844071987 17.27995518166433 18.43144294485412 17.6540180352466 18.246968267719044 20.913232371047357 19.91729853880219 21.74439637080929 20.451240086798 21.335913625531983 17.862239413605458 17.260066015583188 18.318649794148854 17.62027026101123 18.05788330591961 20.830632010314787 19.73789301885775 21.658790868312973 20.33394777981729 21.257719199663995 17.756008573004742 17.22554090923903 18.253480912058695 17.54583626247568 17.927231489840505 20.846288399433064 19.698871271300632 21.695531089800077 20.33164850612936 21.28965992587936 17.755295710049133 17.250396165789336 18.295901281759768 17.552927244458672 17.962833898268343
4.050000000000002 25.675559903710123 24.66442383346366 26.684822391897022 25.192905072383358 26.194502161948012 22.6530196731632 21.959227769150658 23.262171276902805 22.201540464385605 23.03521856414017 23.961368940360657 22.68263432461893 25.3716188744678 23.239314452752758 24.7912488912462 20.972669557932207 19.58299959124145 22.305442867923933 20.04337372799072 21.800826583318297 22.825740946019693 21.57773811348634 24.067441899431945 22.1656586920594 23.53924062459791 19.838453485284795 18.47489906998269 20.95148569204776 19.003555314181583 20.530618078879264 21.87710275524684 20.8879506362061 22.84690679222965 21.383875554755306 22.38228745568556 18.89175912962961 17.8626217005999 19.54145785889461 18.32273454757037 19.296364224478626 21.32483815020897 20.374690495120774 22.188007776017844 20.876729156650573 21.759794319678026 18.314425817610058 17.528869615490358 18.772568838473266 17.919426892128442 18.594165091254702 21.045105200815385 20.096618027958172 21.897479462455408 20.5978708460692 21.47231536654597 18.02407747760749 17.31165382332584 18.45531162900188 17.68421944086398 18.27360123947269 20.935315228080036 19.94341320255474 21.764920036048665 20.473105342367145 21.356870492591653 17.885132624419946 17.27950935288411 18.34267605980876 17.641531586679903 18.083500667341337 20.852829005516966 19.76174026804852 21.680582210536297 20.357942724797574 21.27932242721239 17.77846454270501 17.244465642553997 18.278644989610914 17.567178897526162 17.951860941853095 20.864459851343035 19.70410248702185 21.714608256577772 20.344805331417607 21.308616884247332 17.771300745001618 17.270826088412814 18.307923518225667 17.57027833380205 17.980088009979813
4.100000000000001 25.719510592186456 24.70826062603637 26.731660047538092 25.235346312159123 26.239383632228968 22.696348677470496 22.006747737318687 23.306084543610783 22.248056280283528 23.07873498244332 24.00278494339787 22.733103709889853 25.409888208039874 23.283830380124606 24.83093759424203 21.012111272641754 19.630939261067414 22.343890282885226 20.0883850967433 21.840054218140608 22.863375916145717 21.620300671272528 24.10587329961269 22.20536703484488 23.57626124072752 19.87719708785058 18.516031587635062 20.989636015258068 19.042020529306747 20.568840894158587 21.91201562086613 20.925541264431363 22.880282759233854 21.419503995802213 22.416893440987593 18.92725618726103 17.897592404327217 19.577283039582156 18.35684299480159 19.331839118352477 21.35581600432363 20.403768040214104 22.22544587311529 20.90682167344862 21.793052781221558 18.3458285285639 17.567310492221715 18.801620302826716 17.953076691053596 18.624516994620993 21.069667276406506 20.121297421965576 21.926639226435217 20.621878770079608 21.500311684059255 18.04949451476631 17.33653400098331 18.479013497926353 17.71008634265227 18.298410847940573 20.961671965487216 19.967347816254417 21.785687548936146 20.499390036679962 21.381362850604575 17.91147074807723 17.304321506938276 18.36609055706683 17.667294778839196 18.109853624938058 20.877146530014418 19.782145469853265 21.701859330494194 20.381996744702974 21.3028955660674 17.80275403563048 17.2660259276492 18.3020203226195 17.58914861377706 17.97800363448112 20.874482970031487 19.71409020895646 21.73443828493431 20.353063306640134 21.3222476178708 17.783167978996897 17.27910446163738 18.3167937814079 17.57986529665809 17.99189536614104
4.150000000000001 25.761382622916617 24.754105502482897 26.774387125613035 25.278243122929176 26.2819693003999 22.73793446047479 22.05027994721528 23.350282737734947 22.291330671438054 23.12139763519883 24.04380589566668 22.781877183004468 25.448229447155327 23.328703757969958 24.868881453879847 21.05405837665614 19.679378809322568 22.38050268610606 20.132543786970192 21.87815174464409 22.90165205796435 21.66025756833226 24.14042472682925 22.2439232613733 23.61314144436784 19.915037857988974 18.557563366404136 21.02520804104225 19.08111134329795 20.605621869392003 21.94678420631952 20.960757361032403 22.913222359855048 21.4553385443518 22.450688395109818 18.962853739904673 17.930489199289884 19.61293577064216 18.39081918909591 19.366615208206838 21.38459798044557 20.432421171498305 22.254961475884453 20.935744011022752 21.822690922750027 18.375110499905574 17.5958293030619 18.830990153045843 17.98230445759105 18.654273105586416 21.09329270526998 20.14786322019302 21.952360229750894 20.645770844360335 21.5233117210159 18.073487611696088 17.359925897497043 18.503331807986076 17.732529138456687 18.32273869878272 20.98897783900067 19.993523203291968 21.811893102308257 20.525762977708496 21.408852719308094 17.938315430406856 17.332851152526786 18.38858453204446 17.695035092439387 18.13559037781275 20.901136231058196 19.80451661738316 21.725255220416713 20.405003306094216 21.32727190082387 17.827615439075863 17.287632198971792 18.324570023696754 17.61109038105444 18.002122943388226 20.884372200147943 19.72145575099565 21.746760680291985 20.360645218833977 21.332755059874547 17.79403753612352 17.283928925974173 18.325377054331767 17.58713729765574 18.00261545850224
4.200000000000001 25.80336708660321 24.80140920840098 26.81834746739022 25.32048382515102 26.32430035830631 22.778478948286047 22.09588821873398 23.39565294806923 22.333702944182633 23.164801519867844 24.084786039998306 22.831173118118965 25.48649928088287 23.373278641457524 24.907376326054774 21.094688563381112 19.729850936663954 22.419088578384194 20.177559971577175 21.916029929346017 22.937683420101216 21.699319850399117 24.175911644868748 22.281206951143727 23.647542412838966 19.950728210002904 18.59775025555879 21.05987874642523 19.118108244062952 20.64178758007626 21.980498171851877 20.993511207853047 22.9453388463673 21.490496490003604 22.484200826323484 18.997332989909857 17.96460499446698 19.64696926300493 18.423686297912365 19.401589746480546 21.41342212417934 20.463304434066984 22.283667962864843 20.9637947975727 21.850761895052234 18.40333539981699 17.623548802491346 18.86109737904391 18.009772948293723 18.6836839515705 21.116576228197978 20.170924567176918 21.975126609773596 20.66974708877459 21.546684392858985 18.097701314862107 17.381843156423713 18.52880380103656 17.754658676140316 18.347242508148245 21.014791984529747 20.019014769442176 21.83893813008869 20.550327179675158 21.43604572741078 17.963953146918502 17.360192921972246 18.410864331053983 17.721742981113056 18.160796164637624 20.92334527511103 19.82336469677226 21.749343416082546 20.426573737831575 21.350905753101266 17.850590445268054 17.307742869872616 18.345712843902692 17.632324520207632 18.02513125161551 20.893731156170833 19.731368837127548 21.756842496699104 20.369306986520147 21.343318353322225 17.80493261394247 17.288196403889643 18.335740219077937 17.594820536661597 18.013584099572554
4.250000000000001 25.845994754457735 24.8477081785789 26.861974227759728 25.36849688417148 26.36617220954693 22.820102264951597 22.140258653017593 23.444802500118453 22.377328278691127 23.210502042823983 24.126420558926007 22.87933731823961 25.524882475005224 23.418637044721233 24.94664799436127 21.135480350273298 19.778938355692272 22.45962023838768 20.221579629761536 21.957797565024755 22.974151356844033 21.73892010418948 24.210186718848203 22.319856417437535 23.68201216719103 19.986533788132608 18.63678585035849 21.09850774539249 19.15411887650895 20.677870154108973 22.013354051344336 21.025628847934993 22.978561626390267 21.52344468614206 22.51731872687897 19.031381854584268 17.99733148806834 19.679995180525513 18.45534692345172 19.4352741450912 21.442515021705812 20.496726964764274 22.311447470038 20.994939625685323 21.878217423355284 18.432499125469754 17.65100996911317 18.894674318773433 18.037181957922286 18.714833626089206 21.140001053641708 20.196016661127963 21.998151483764843 20.694528647939453 21.56910460436637 18.122363835492784 17.40381707219251 18.55376660085674 17.776835275391825 18.372985729415753 21.039675015862255 20.043357061401593 21.864956555725406 20.575613910850535 21.46194921666151 17.98922964076165 17.38547114244459 18.434598960728216 17.747193515721563 18.186207773249528 20.945458073223527 19.843876567358492 21.771766982690117 20.446281426097215 21.373223280711265 17.872789917798357 17.326651286972773 18.363840031099624 17.653353518667632 18.046085600467574 20.904829354799567 19.752958355365223 21.767650302437687 20.38353893130367 21.353125576306706 17.817313931956072 17.293254822223364 18.357170443466927 17.6049076147583 18.02902097622563
4.300000000000001 25.89402409622176 24.893034188435326 26.904367088732563 25.41431534307904 26.41212902408592 22.86609694747606 22.184249985360488 23.496725285657263 22.421402682916913 23.26002073942521 24.170970782067002 22.923687713325315 25.563711782186264 23.46506109435553 24.987719742102026 21.178506406655295 19.824160324179477 22.501537629670626 20.26667588476535 21.998636172951453 23.01169722147094 21.7758912215736 24.245256063590585 22.356855807360198 23.718731488967418 20.024259803249034 18.672459754800908 21.136515619019622 19.1896341306987 20.714345174620046 22.045116814186684 21.05945775129159 23.01096637083579 21.555456205011165 22.54917847256928 19.06362683538326 18.02993604466106 19.71346825742066 18.486847016967474 19.468116483093684 21.475273282354777 20.529970616071253 22.33931984644025 21.028555195791824 21.908332340988466 18.464781665311357 17.68146259562849 18.92705460090814 18.0678514863025 18.747413378721053 21.166164576974943 20.221838854689953 22.021722402590314 20.720636217240635 21.592595330048663 18.148135478899007 17.428299963550145 18.578551649877152 17.801293942472594 18.39938349841372 21.064099743102286 20.067521261350098 21.890993499618776 20.599496531943753 21.487163691613272 18.013726705489464 17.40715420721832 18.458797082768267 17.77130138827602 18.21185634300429 20.96506939260195 19.86240690407046 21.79410843798912 20.463277101908012 21.39442705955547 17.89394743161185 17.343157298589546 18.38225749741992 17.672222496893983 18.066542917627707 20.926298823723542 19.776106155952434 21.778845882918052 20.40489884488265 21.36938274146827 17.836029896246714 17.30715350699888 18.381889686178013 17.62031015185542 18.052293843381836
4.350000000000001 25.941299703963402 24.94247404517157 26.955153681365413 25.45933917714815 26.462008419454364 22.912865973929726 22.22836121893489 23.549653854772377 22.46670468485391 23.31007947662892 24.21371571679211 22.963858978293885 25.604616819534638 23.509601457235636 25.029050416564342 21.22400881510773 19.86442804167649 22.54316562328173 20.310344254786365 22.039986491989758 23.047428058533264 21.811513600935346 24.27916033933437 22.391988644852503 23.755905319641716 20.06063527945561 18.7052562950172 21.173963655279735 19.224490113673962 20.753077166909147 22.077913573899153 21.093505073067092 23.042631540545013 21.586918782007047 22.581624044058834 19.09609583290689 18.06132739245015 19.74724087850089 18.518300274437042 19.500780016496797 21.508573390097084 20.562615509887944 22.371203932904923 21.061237470097335 21.941711595613693 18.498064878193603 17.716531887901493 18.958634568596633 18.100965205680914 18.77959113378594 21.19314625105013 20.24839033379886 22.046042493717025 20.747640423254765 21.619491604292577 18.174923649598675 17.45461898110113 18.603461150752473 17.82870326097515 18.425729283625547 21.08754515520925 20.091621897853837 21.916389068274974 20.622885738132673 21.51097413393265 18.03746248399252 17.42843831753302 18.483222950781116 17.793891407001222 18.236404054717784 20.984772546447132 19.87900627081264 21.81423310343233 20.481155751675164 21.414149099528373 17.914292092255145 17.359035691914354 18.398377303824585 17.6902855718866 18.086328424449256 20.94837624278338 19.804224512945165 21.798604572989987 20.427048957434707 21.391014796211753 17.857649580860542 17.325459475936764 18.408212297794872 17.63983755871944 18.07865698884663
4.400000000000001 25.988101419341064 24.984888577624687 27.002985303102736 25.505612599379678 26.510676272213637 22.959628862036155 22.271531699254528 23.601246167952418 22.512314380692303 23.360060189743322 24.25683923464369 23.007299380911235 25.644958935371363 23.55381224249312 25.07052931150645 21.266275188698717 19.906842907414966 22.582490260099426 20.355843031018612 22.07995647746167 23.083409965014162 21.847371860755114 24.312602859453374 22.42694791272087 23.792156494879507 20.09689865511644 18.73908531225537 21.21181387971046 19.25875601475882 20.789812667243808 22.109915296575203 21.1271726922869 23.075447222584614 21.61849208581967 22.61362792522148 19.128021407458263 18.092852828769754 19.78037421918863 18.54931289810234 19.533667889831676 21.53936376642274 20.591999607523256 22.403523850289705 21.09175083189051 21.973705897812884 18.52905142722454 17.749650804064444 18.98833771675907 18.132620626867762 18.810583453180744 21.22068458927714 20.274415445031124 22.072419134605404 20.774527257065486 21.646489161637803 18.20132556389263 17.481411438701684 18.62889429599562 17.856501219590008 18.45200707432999 21.11026725949057 20.115527013974127 21.9391464895919 20.644147582868204 21.533782122564677 18.060713186654908 17.446517937245527 18.5071445517915 17.815585108879127 18.260680376318646 21.00355125782273 19.899528741068686 21.83434225896322 20.499413699520204 21.433735867650153 17.934446686750007 17.374344903734066 18.416469965363238 17.708278064336106 18.105981927793696 20.973249158909947 19.828320712593538 21.82141183191793 20.449788787080326 21.41478445240991 17.88288702531704 17.340485477030274 18.43247720077918 17.660634612221834 18.104045900585195
4.450000000000001 26.033953884080248 25.031539575854232 27.052086173486625 25.551166886681088 26.55839730832706 23.006039992365487 22.315379269330965 23.65002292497105 22.557975519969165 23.40988334404556 24.29940933015996 23.052834212659477 25.685691656536893 23.59937007291466 25.110784105600906 21.309493084092615 19.94957796817462 22.6213119196934 20.401461204881368 22.12044800381608 23.120012042081967 21.88450714791349 24.34903155970861 22.463374332598754 23.82648793545733 20.13250112930492 18.774654929722068 21.250703698116236 19.292966248204706 20.827223179071613 22.142102042335022 21.162565852271392 23.10716471244431 21.65156079748008 22.645960897980647 19.160233277104297 18.12425456552469 19.814901190966093 18.58006878995019 19.567730120267356 21.56908886435798 20.617442749250582 22.434619321530317 21.1181087001072 22.004468013339935 18.55845146012227 17.78024443630318 19.01255884606774 18.16275031143437 18.83757810350174 21.247846510955995 20.299749426180774 22.099063391056873 20.800765837386095 21.67312249320708 18.227693434500047 17.50824194838605 18.655123525482036 17.884060459797016 18.47859053861286 21.132558545509035 20.14030366140889 21.96235292212379 20.66749017562801 21.55578569043411 18.0832082535794 17.463484407093546 18.531520843508797 17.836316627854448 18.28548254478138 21.023366477361282 19.920498443960057 21.853693429573443 20.51895981373423 21.453353281510527 17.954639478446495 17.389168622739373 18.438177617352498 17.726195783763004 18.127815709806303 20.997491580689974 19.84306457930186 21.845681340418505 20.469367321780496 21.44017576676647 17.90817909219454 17.355344325419015 18.451080590363205 17.680581243031586 18.127322409878985
4.500000000000001 26.082185184949424 25.07884036546545 27.101137039365593 25.601562385159234 26.60407468451465 23.053168424847467 22.35948338961591 23.69691460070368 22.60529974355663 23.457292436067252 24.34083085620666 23.097940175351802 25.72513308522672 23.642037818782406 25.15088441473764 21.350756691773565 19.993955081959793 22.657553713026914 20.445296497131352 22.15995140426594 23.1561717941652 21.922433236967425 24.384809501429338 22.499872970569683 23.864031195103095 20.168838569127942 18.811783588464554 21.28864590056792 19.32797463308647 20.864720361708887 22.17425700817317 21.195529333274937 23.139363543390097 21.684613113927735 22.67860753290412 19.193044322057403 18.15574721032777 19.849014915595777 18.611048128618997 19.602284771861427 21.593097058177314 20.635938423394016 22.46444844695555 21.139299509217846 22.03148739718486 18.58238258380998 17.80643066297978 19.036890021474576 18.18762604255839 18.86096410138497 21.27368796717007 20.32519667781819 22.125597366692485 20.82582790894242 21.700088131902955 18.253563772557364 17.534032059111542 18.68158625855241 17.91044265321293 18.504660540361034 21.15553481917693 20.164061421702012 21.984237651429172 20.69240070382418 21.57807658220123 18.10698691551213 17.48052353338579 18.556057082719708 17.857777286411878 18.310897855905456 21.044976062661377 19.94336214215399 21.87143682060916 20.541961141042595 21.473393218125576 17.976520839640706 17.406116299991538 18.459837616877827 17.745542411613812 18.1510788365958 21.015395085691004 19.85791437842107 21.870471747380495 20.485264299684037 21.462728845808776 17.927938109144925 17.369905097683297 18.468989274734017 17.69898438402399 18.14634111161314
4.550000000000001 26.131080696453417 25.128525370706708 27.146764478452177 25.65142645392776 26.65078407714128 23.101972184851533 22.407988013605245 23.74174919973545 22.65706073419341 23.50405662445582 24.381330601016376 23.144117499670706 25.761780893086684 23.68396908654749 25.188604137401725 21.39210051061032 20.037977709847397 22.694902085291282 20.48742815296401 22.198250049517945 23.192454718143374 21.960567387033237 24.42279695783835 22.538171988666623 23.899749339330377 20.206193805630356 18.849220517775308 21.326693255503454 19.364537356089343 20.901576938654433 22.20694490758538 21.2294078973836 23.16914982978433 21.71653119746705 22.710118435739645 19.22399036483464 18.18563387109227 19.883618204674733 18.6408227288799 19.635073716053263 21.613726736810207 20.65753029797905 22.490283929027473 21.15941605606302 22.05484585977828 18.603649227332546 17.82479601588467 19.06095415473985 18.208193324389782 18.884048184164744 21.299807973684924 20.348882320445778 22.152061898347956 20.850018615268894 21.72686819467746 18.27974683674327 17.55731211069873 18.707343058898694 17.93567155839438 18.53082790196108 21.179672751615122 20.18700100363523 22.006774329927097 20.715436370731247 21.602146259272335 18.131486321699622 17.501839145794037 18.580272768087774 17.88118098345609 18.335121797919864 21.067618813731748 19.963006015930123 21.89159681561104 20.563461746390725 21.496602933032417 17.999373999044206 17.4249844173248 18.48155100719382 17.766763953214095 18.173880553579213 21.03242245910183 19.873881381658233 21.89279177757704 20.50208543622066 21.48046078807776 17.94504604277833 17.383991280761816 18.487177197664337 17.714736164784327 18.16473865641769
4.600000000000001 26.180249744948796 25.177963497182333 27.19112179528146 25.701598307845043 26.69811063795909 23.150748630537905 22.457926774029637 23.78817898289075 22.7073696426811 23.550630128586718 24.42036101574553 23.191709486178528 25.79768663353046 23.726362634499864 25.22723965585553 21.431380183013502 20.08389622304123 22.731769979678536 20.529502310602894 22.237122243213026 23.228431648892332 21.99771928722158 24.45858423877876 22.57484727398783 23.935649064200017 20.24311694713174 18.888107796032408 21.36361169447534 19.400594762098915 20.93844760219953 22.238062898211805 21.25987451159672 23.19973518170893 21.74727022350481 22.740335486130814 19.25509326480707 18.214586945820084 19.917074208805143 18.66859069180023 19.667900865433253 21.63269282377741 20.677669127482567 22.512485413272227 21.177601171549153 22.075509692871716 18.62364701660634 17.84094550848957 19.084995351945825 18.225968871193924 18.906278847614967 21.32557370333635 20.374074884099873 22.178855078226654 20.87545315053519 21.753041203084358 18.30567357325256 17.580034401030314 18.732670440473452 17.960596284642893 18.55745082354953 21.202044177038424 20.209275403185067 22.031564761091023 20.738160130296645 21.626408370761144 18.154902632889687 17.523438924116018 18.60195039432719 17.90412919372488 18.358410435432276 21.08985599312073 19.984470441294185 21.91510819387698 20.585538173260456 21.51928227857955 18.02178710623352 17.44383316604506 18.50227719960702 17.787598917723123 18.196407592555833 21.049522883335086 19.892310129321388 21.909386065785437 20.518463126993563 21.497449202077597 17.96172159179648 17.399235125691693 18.505415008865878 17.729767776417873 18.18291779989672
4.650000000000001 26.230042366333088 25.220040887985164 27.236358777518898 25.752717989267488 26.74486322184352 23.198852818595746 22.508524411452356 23.836905498617465 22.75888920193056 23.597656426188177 24.459722954090587 23.236458712254084 25.833308783467693 23.76851237856566 25.265147161324922 21.471617421299797 20.12970516575094 22.76537264250168 20.572699693225594 22.274809552238406 23.263905119524452 22.035458811469084 24.493474779490207 22.611607327548963 23.971113029740636 20.279440636981995 18.924468062673913 21.40016188981368 19.43630430121148 20.974631343516617 22.268186110373914 21.28823019024259 23.229787101709196 21.776005172951404 22.771726585988866 19.284040762315378 18.240010308318457 19.948551048538242 18.696205569017906 19.698677038893294 21.65165793606336 20.704844291783242 22.533844062904794 21.200444887371983 22.09626769278258 18.644073285443746 17.853456767431325 19.113874833300788 18.243025022705027 18.93100032926445 21.351161212155702 20.397737598801893 22.204568078118683 20.901892843377066 21.77951502801745 18.33145293984071 17.603520596137056 18.758068591682754 17.985580014878533 18.583485168668524 21.223433356009835 20.23188606188087 22.055014840070537 20.759824885734993 21.64806895705791 18.17689687898386 17.54212647068206 18.622189301014135 17.92452154609176 18.381524723634392 21.110843443632632 20.000594514841346 21.937844441609396 20.602990024487095 21.54111043704933 18.043654391120135 17.462017557863692 18.519915059045246 17.807671085678617 18.21690845489759 21.06646976110778 19.91238433934613 21.927758209646147 20.535238305519062 21.514330124829257 17.978826973610516 17.414271812417798 18.524415771637937 17.74535410613813 18.20191916694523
4.700000000000001 26.28000649410128 25.268928950178303 27.281819131919086 25.801655445802083 26.793593702408828 23.248670348588796 22.554207146183703 23.888083982547688 22.80704757794644 23.647017919551107 24.498646649612386 23.275599668934404 25.870456923254878 23.809381913516834 25.301490174827723 21.511852045778078 20.17150463870758 22.800317022968226 20.614097786532234 22.31100140660371 23.299008111682042 22.072683967626862 24.529179388392848 22.646854937974716 24.00489061520632 20.314624371588778 18.961163687368643 21.43334723951159 19.47068959405267 21.008223028297706 22.296336693415846 21.31806543815682 23.260733493893976 21.8027752631956 22.800582740454058 19.312912904623364 18.26485317655169 19.977670044640792 18.72321930485849 19.727536916564738 21.678525838634407 20.73719002878768 22.55461717230473 21.230713333764896 22.11784013960973 18.671128399892957 17.868368737253213 19.143417584922343 18.26393414387354 18.960193203864133 21.376764779637114 20.422964231293147 22.231543939452475 20.927457651991283 21.805100463984452 18.35701322854043 17.626175567983296 18.783080330802083 18.01060071676945 18.609445261579378 21.24538918033693 20.250947624984857 22.076603687969143 20.78215612632358 21.66973087885905 18.199727831861193 17.560288572063286 18.64224109187669 17.945292941755497 18.40543964472735 21.129590719334168 20.0186959568917 21.95924035551413 20.620135456524956 21.562660042550114 18.06430189495012 17.478540615118877 18.535575971001958 17.826570129204143 18.235412929834393 21.085706219081928 19.93172196872208 21.945922142740553 20.554973043344226 21.532828518283196 17.997441432920127 17.430224023222394 18.542757573841463 17.762204781173896 18.22156255980322
4.750000000000001 26.329323949238702 25.309819285322384 27.330186237055468 25.847722783004656 26.843116613574427 23.297365308323 22.59522787002245 23.938385519196235 22.852116750350856 23.697101539501485 24.535940868235897 23.316535255055395 25.90563581259403 23.849125331540336 25.337526218722605 21.550401796116887 20.210906607102682 22.833786175152454 20.653671359730037 22.347287212411256 23.331022527085707 22.109276673903537 24.563948354321294 22.679973391947748 24.03761457925836 20.34799018124932 18.996459229163985 21.46480040860097 19.50491519668397 21.04188039761111 22.324468661494766 21.345424793207563 23.290250747286983 21.829135294555936 22.82827681701866 19.34087687628959 18.29069764016348 20.00731498084009 18.750270457346094 19.756738147862684 21.709862882229352 20.76834071902414 22.578706462184368 21.26184303032939 22.146513098265515 18.70111107629623 17.89723079713622 19.17404286873332 18.292549603120584 18.99119837591245 21.40134974879146 20.449470525920045 22.25743000870654 20.951327378345606 21.830482149511024 18.38229697835856 17.648032971471423 18.808415974382353 18.035018866081543 18.635395071448656 21.268223568868272 20.270584528425957 22.099179538199493 20.80341635534467 21.693591224342832 18.2228417119016 17.580054550077342 18.66219963453626 17.96818464780085 18.428982562913166 21.147067891811332 20.034958851686273 21.978955882852 20.637284654285615 21.58050798481875 18.082855397106236 17.49413957912272 18.55066293920262 17.843334627958612 18.2530662704041 21.106221722182347 19.950991363546557 21.965715106614812 20.575031095489283 21.553445758971684 18.017556855880194 17.448034041113793 18.562721384726153 17.779415686098897 18.242660347350316
4.800000000000002 26.375995219567365 25.356395538740706 27.379325830383387 25.891332185591622 26.89088887979962 23.34454720621337 22.63118208977715 23.987996587932386 22.89823021532165 23.746452375327603 24.572733267137394 23.360018203304204 25.939038867795993 23.888597622003545 25.372170603992103 21.587812604184563 20.2514594447519 22.86855466462444 20.693468666831823 22.382680973365765 23.363707877921783 22.143011092282094 24.595886187215633 22.71577644935994 24.06958145980822 20.381221163946517 19.02767413318995 21.494402844653003 19.53658166251352 21.074416232566268 22.352634525775585 21.371818965016658 23.31982174200775 21.857758519102198 22.857541298844062 19.36933363193618 18.319358928642263 20.037592418043015 18.77658285604527 19.78556979285872 21.740922741049722 20.79981266666849 22.60720088664787 21.292595476006117 22.177316130365625 18.732472182600116 17.92848117482683 19.20417518134082 18.323263445060032 19.021949669465805 21.42653519324724 20.47363847336501 22.282239045982923 20.975904857057422 21.85573240557061 18.407347111988003 17.669890374959554 18.833673618298917 18.05958682225665 18.6615703731703 21.289740588590753 20.29062479965237 22.123808106694852 20.82194252479954 21.717036485556264 18.244623043699335 17.60004717370009 18.680364329566718 17.98954551257383 18.45063245296689 21.16368289218328 20.052529187302753 21.996470055582243 20.653691516984637 21.598113201839524 18.100199559637623 17.509343777338607 18.564972926399236 17.85975657911962 18.270090914743438 21.1263459870124 19.968223399049638 21.986853323105887 20.594251057832096 21.573841509321156 18.03788592084141 17.46448347386804 18.583653726006716 17.797995705322673 18.263997129385714
4.850000000000001 26.422055691580482 25.401914088746288 27.43008043195922 25.936510661576115 26.93949792969266 23.390849274331664 22.66874632934442 24.038149070401566 22.942934934932964 23.795247949117275 24.611773973532074 23.404161751357872 25.973171973887144 23.928880444293586 25.406851723915214 21.625785740618234 20.29488324526339 22.904489566413474 20.733823175220007 22.41762663510282 23.39563329706527 22.17782679528362 24.628626775063623 22.748369550907935 24.09977604904854 20.414366988007643 19.057820369647676 21.525721667229945 19.569272565664654 21.106214160023402 22.380612225424066 21.399334810082998 23.34888851702932 21.885208032206275 22.887370766407575 19.39747884142996 18.345638036050673 20.06592111575953 18.802304763938206 19.814868450587095 21.77173032833433 20.82830035843652 22.637477371072585 21.322919243037816 22.208251281818306 18.76270087802571 17.959414767869035 19.232408662419864 18.354375281902495 19.051665459110204 21.451805694563262 20.49666263917045 22.3070536548413 21.00166434841362 21.880606583695975 18.432877692648503 17.69174777844768 18.859600410660295 18.084212175666416 18.68793706269233 21.30883406000001 20.310490851189723 22.14709922720836 20.84180634812288 21.737011743184368 18.264881544966908 17.61588351135751 18.70054677569852 18.009343972761755 18.47228111270329 21.18035619624966 20.07552377218385 22.014060299635485 20.671994528004976 21.61436254169017 18.117490742568698 17.523586868559235 18.58270398985349 17.875508628298103 18.288864430404708 21.146173334210673 19.98253512542261 22.007815210072096 20.61202721112832 21.594334059620863 18.057925090867805 17.48343917591447 18.602868638535213 17.816205797195362 18.284346528941175
4.900000000000001 26.46847723196087 25.44922215129414 27.477084430840204 25.98389960583513 26.98801511837015 23.437641947940584 22.706951129706166 24.08905311847848 22.989149495053105 23.84498012180055 24.651371469782397 23.445537102143778 26.00811945368395 23.970986812398383 25.444888267884643 21.664585257212245 20.33642153298992 22.942375052937706 20.775569588714006 22.455049288977712 23.42784564237857 22.212853847142767 24.65977074789329 22.78143959728234 24.13025966202358 20.447072048717626 19.092887784641587 21.557843724708217 19.602679622168235 21.137732229273865 22.40921287999735 21.427067838991416 23.37907447732075 21.913512033473825 22.915966961864154 19.42602724398506 18.372121437104774 20.094545290435708 18.82965403266548 19.843322768566466 21.80080177493673 20.85606233637747 22.667793775591115 21.352106808854032 22.237427103825116 18.79227077134782 17.989445518025278 19.259606507103925 18.384687112747546 19.079820267785855 21.477972942272416 20.524496881783662 22.331868263699675 21.029174509428234 21.905891560927707 18.459513272302267 17.717187092057568 18.885061593546734 18.109610313928087 18.714870968456424 21.32880430395624 20.329779626232988 22.16679454423097 20.8630599525823 21.756308150049176 18.285001944874523 17.63086103912509 18.72063151807975 18.027939303296375 18.494387991350706 21.200080062563075 20.096351357655266 22.030298378139904 20.692741343120122 21.63183309340985 18.1364398503807 17.538446516926985 18.602289962339295 17.89373993646143 18.310582509474912 21.1633049647438 19.996477178568444 22.028463970470874 20.627102915510974 21.61399545340558 18.07603859099302 17.49996638823778 18.617372844796748 17.833632539360806 18.302015660353852
4.950000000000001 26.515960728268787 25.496603156509725 27.52690259602818 26.028798025353794 27.035619306229023 23.48550898136665 22.750581742274097 24.13942215391421 23.036573421257422 23.89470621269226 24.69065896241092 23.486304480388736 26.04433492019659 24.01352713483264 25.48127349449197 21.70428545646441 20.374171569029805 22.979285933053102 20.8172205216682 22.492396932196 23.458932479480445 22.247379445764803 24.68915336945524 22.81469814489774 24.16006700984342 20.47908247987434 19.12481905509755 21.586347518766573 19.6349827983674 21.167436813525978 22.43814841080619 21.45465724290863 23.408395191435158 21.942416753067416 22.944567795925288 19.45539776323696 18.399133260204984 20.123407551261142 18.858591219145925 19.872013516672382 21.828602421728856 20.882012595750655 22.69619134479238 21.379898436665684 22.265803029070323 18.820324235030192 18.017566244055068 19.286519549554676 18.413239221039827 19.107798684033703 21.50592675033903 20.552453330744143 22.356801888268834 21.05634462839748 21.932555315310506 18.486957804707153 17.744099082362947 18.911128092092525 18.13810219194846 18.74195030699211 21.350313364773125 20.349994561482816 22.185666386998985 20.88393633489207 21.777042780135154 18.306508550611905 17.648879981990078 18.74204330880468 18.048265238061116 18.516733200430945 21.22106225942916 20.116376919269726 22.04809800446526 20.71405231028181 21.652017632948542 18.157648388255232 17.557938913891228 18.62197844805467 17.91398262244536 18.33159054201049 21.17814288104428 20.01312406836313 22.04819733374954 20.641422896194094 21.630206467288982 18.092508483221426 17.5124015246718 18.631507046258108 17.84818312898844 18.318297638865534
