{
  "outdir": {
    "label": "Prior",
    "parameters": {
      "MTOV": {
        "median": 2.086996245183127,
        "lower_error": 0.8576450915078921,
        "upper_error": 0.7832348314593798,
        "width": 1.640879922967272,
        "credible_interval": "2.09^{+0.78}_{-0.86}"
      },
      "R14": {
        "median": 13.415987421620589,
        "lower_error": 3.493425396754347,
        "upper_error": 1.9042265735696073,
        "width": 5.397651970323954,
        "credible_interval": "13.42^{+1.90}_{-3.49}"
      },
      "p3nsat": {
        "median": 82.15865441628907,
        "lower_error": 65.71021418669181,
        "upper_error": 111.6915750654683,
        "width": 177.4017892521601,
        "credible_interval": "82.16^{+111.69}_{-65.71}"
      }
    }
  },
  "outdir_radio": {
    "label": "Radio timing",
    "parameters": {
      "MTOV": {
        "median": 2.2766726754320272,
        "lower_error": 0.3557362668896691,
        "upper_error": 0.42799062091296447,
        "width": 0.7837268878026336,
        "credible_interval": "2.28^{+0.43}_{-0.36}"
      },
      "R14": {
        "median": 13.704348529974617,
        "lower_error": 1.496108639357427,
        "upper_error": 1.1104794215200098,
        "width": 2.6065880608774368,
        "credible_interval": "13.70^{+1.11}_{-1.50}"
      },
      "p3nsat": {
        "median": 102.55905965577017,
        "lower_error": 51.420542966410046,
        "upper_error": 75.26176923266775,
        "width": 126.68231219907778,
        "credible_interval": "102.56^{+75.26}_{-51.42}"
      }
    }
  },
  "outdir_GW170817": {
    "label": "GW170817",
    "parameters": {
      "MTOV": {
        "median": 2.1669114756419363,
        "lower_error": 0.2619350663774711,
        "upper_error": 0.33710103262279834,
        "width": 0.5990360990002694,
        "credible_interval": "2.17^{+0.34}_{-0.26}"
      },
      "R14": {
        "median": 12.304322623672832,
        "lower_error": 1.255823897544845,
        "upper_error": 1.4194219998902522,
        "width": 2.675245897435097,
        "credible_interval": "12.30^{+1.42}_{-1.26}"
      },
      "p3nsat": {
        "median": 76.40178606065027,
        "lower_error": 39.93297021709595,
        "upper_error": 58.08388774551398,
        "width": 98.01685796260992,
        "credible_interval": "76.40^{+58.08}_{-39.93}"
      }
    }
  },
  "outdir_GW190425": {
    "label": "GW190425",
    "parameters": {
      "MTOV": {
        "median": 2.2519139331027365,
        "lower_error": 0.30025373486771545,
        "upper_error": 0.4074587831378569,
        "width": 0.7077125180055723,
        "credible_interval": "2.25^{+0.41}_{-0.30}"
      },
      "R14": {
        "median": 13.767221713698678,
        "lower_error": 1.301291072460785,
        "upper_error": 1.0413968841715668,
        "width": 2.3426879566323517,
        "credible_interval": "13.77^{+1.04}_{-1.30}"
      },
      "p3nsat": {
        "median": 100.46124911292446,
        "lower_error": 38.694743132425195,
        "upper_error": 72.86680989953973,
        "width": 111.56155303196493,
        "credible_interval": "100.46^{+72.87}_{-38.69}"
      }
    }
  },
  "outdir_GW231109": {
    "label": "GW231109",
    "parameters": {
      "MTOV": {
        "median": 2.282077279736043,
        "lower_error": 0.35284582210905047,
        "upper_error": 0.46148909990020437,
        "width": 0.8143349220092548,
        "credible_interval": "2.28^{+0.46}_{-0.35}"
      },
      "R14": {
        "median": 13.563251563760375,
        "lower_error": 1.3985646444367887,
        "upper_error": 1.2386892076108786,
        "width": 2.6372538520476674,
        "credible_interval": "13.56^{+1.24}_{-1.40}"
      },
      "p3nsat": {
        "median": 100.83424997600277,
        "lower_error": 49.76382878443435,
        "upper_error": 89.56047490279265,
        "width": 139.324303687227,
        "credible_interval": "100.83^{+89.56}_{-49.76}"
      }
    }
  },
  "outdir_GW231109_gaussian": {
    "label": "GW231109 (Gaussian)",
    "parameters": {
      "MTOV": {
        "median": 2.279353512510988,
        "lower_error": 0.3450884287829843,
        "upper_error": 0.4400632199716381,
        "width": 0.7851516487546224,
        "credible_interval": "2.28^{+0.44}_{-0.35}"
      },
      "R14": {
        "median": 13.666585362959216,
        "lower_error": 1.3987751016004832,
        "upper_error": 1.2662788721561498,
        "width": 2.665053973756633,
        "credible_interval": "13.67^{+1.27}_{-1.40}"
      },
      "p3nsat": {
        "median": 101.75348331799903,
        "lower_error": 50.032968889546375,
        "upper_error": 81.0418177614488,
        "width": 131.07478665099518,
        "credible_interval": "101.75^{+81.04}_{-50.03}"
      }
    }
  },
  "outdir_GW231109_double_gaussian": {
    "label": "GW231109 (double Gaussian)",
    "parameters": {
      "MTOV": {
        "median": 2.283954174008998,
        "lower_error": 0.3538999281791766,
        "upper_error": 0.43400572233642,
        "width": 0.7879056505155966,
        "credible_interval": "2.28^{+0.43}_{-0.35}"
      },
      "R14": {
        "median": 13.774580526774471,
        "lower_error": 1.3441080494350484,
        "upper_error": 1.055589140546827,
        "width": 2.3996971899818753,
        "credible_interval": "13.77^{+1.06}_{-1.34}"
      },
      "p3nsat": {
        "median": 103.58307343011285,
        "lower_error": 47.47369936204841,
        "upper_error": 84.31077359351113,
        "width": 131.78447295555952,
        "credible_interval": "103.58^{+84.31}_{-47.47}"
      }
    }
  },
  "outdir_GW231109_quniv": {
    "label": "GW231109 (QUR)",
    "parameters": {
      "MTOV": {
        "median": 2.2377861433541275,
        "lower_error": 0.293197309921188,
        "upper_error": 0.4053578190422167,
        "width": 0.6985551289634047,
        "credible_interval": "2.24^{+0.41}_{-0.29}"
      },
      "R14": {
        "median": 13.401944682827342,
        "lower_error": 1.416916111179047,
        "upper_error": 1.3264835482097368,
        "width": 2.7433996593887837,
        "credible_interval": "13.40^{+1.33}_{-1.42}"
      },
      "p3nsat": {
        "median": 95.38003040517798,
        "lower_error": 43.41502560327133,
        "upper_error": 71.62405921886271,
        "width": 115.03908482213404,
        "credible_interval": "95.38^{+71.62}_{-43.42}"
      }
    }
  },
  "outdir_GW231109_s025": {
    "label": "GW231109 ($\\chi \\leq 0.25$)",
    "parameters": {
      "MTOV": {
        "median": 2.2894352627550876,
        "lower_error": 0.3624060475312634,
        "upper_error": 0.4601596052150865,
        "width": 0.8225656527463499,
        "credible_interval": "2.29^{+0.46}_{-0.36}"
      },
      "R14": {
        "median": 13.738852696658268,
        "lower_error": 1.5792082489711525,
        "upper_error": 1.1325673306920923,
        "width": 2.711775579663245,
        "credible_interval": "13.74^{+1.13}_{-1.58}"
      },
      "p3nsat": {
        "median": 104.6891657571621,
        "lower_error": 51.481633068155475,
        "upper_error": 89.33794993904198,
        "width": 140.81958300719745,
        "credible_interval": "104.69^{+89.34}_{-51.48}"
      }
    }
  },
  "outdir_GW231109_s040": {
    "label": "GW231109 ($\\chi \\leq 0.4$)",
    "parameters": {
      "MTOV": {
        "median": 2.284051493292805,
        "lower_error": 0.34769054603346583,
        "upper_error": 0.4468217242981747,
        "width": 0.7945122703316405,
        "credible_interval": "2.28^{+0.45}_{-0.35}"
      },
      "R14": {
        "median": 13.758600378287852,
        "lower_error": 1.4182649791966533,
        "upper_error": 1.1436613437715923,
        "width": 2.5619263229682456,
        "credible_interval": "13.76^{+1.14}_{-1.42}"
      },
      "p3nsat": {
        "median": 103.50025064611218,
        "lower_error": 48.02133414820389,
        "upper_error": 84.03890126631039,
        "width": 132.0602354145143,