{
  "outdir_radio": {
    "label": "Heavy PSRs",
    "parameters": {
      "MTOV": {
        "median": 2.2515435612705117,
        "lower_error": 0.31245403351869405,
        "upper_error": 0.37894114626257025,
        "width": 0.6913951797812643,
        "credible_interval": "2.25^{+0.38}_{-0.31}"
      },
      "R14": {
        "median": 13.197182666205986,
        "lower_error": 1.1669398610582373,
        "upper_error": 0.984998715516122,
        "width": 2.1519385765743593,
        "credible_interval": "13.20^{+0.98}_{-1.17}"
      },
      "p3nsat": {
        "median": 98.01522109823091,
        "lower_error": 45.6563052887669,
        "upper_error": 62.000440216351734,
        "width": 107.65674550511864,
        "credible_interval": "98.02^{+62.00}_{-45.66}"
      }
    }
  },
  "outdir_GW170817": {
    "label": "GW170817",
    "parameters": {
      "MTOV": {
        "median": 2.1933456835408496,
        "lower_error": 0.2858658279016597,
        "upper_error": 0.37888162729116903,
        "width": 0.6647474551928287,
        "credible_interval": "2.19^{+0.38}_{-0.29}"
      },
      "R14": {
        "median": 12.213871646451382,
        "lower_error": 1.3722187163697281,
        "upper_error": 1.0604162264903678,
        "width": 2.432634942860096,
        "credible_interval": "12.21^{+1.06}_{-1.37}"
      },
      "p3nsat": {
        "median": 83.68306608757172,
        "lower_error": 46.72846024753511,
        "upper_error": 63.90271274640514,
        "width": 110.63117299394025,
        "credible_interval": "83.68^{+63.90}_{-46.73}"
      }
    }
  },
  "outdir_GW190425": {
    "label": "GW190425",
    "parameters": {
      "MTOV": {
        "median": 2.2847925537161418,
        "lower_error": 0.31101416830461637,
        "upper_error": 0.3963740277158774,
        "width": 0.7073881960204937,
        "credible_interval": "2.28^{+0.40}_{-0.31}"
      },
      "R14": {
        "median": 13.4856880195669,
        "lower_error": 0.9078442786851273,
        "upper_error": 0.6907331369569985,
        "width": 1.5985774156421257,
        "credible_interval": "13.49^{+0.69}_{-0.91}"
      },
      "p3nsat": {
        "median": 104.10696374344582,
        "lower_error": 38.548185361782586,
        "upper_error": 71.00384621247451,
        "width": 109.5520315742571,
        "credible_interval": "104.11^{+71.00}_{-38.55}"
      }
    }
  },
  "outdir_GW231109": {
    "label": "GW231109 (default)",
    "parameters": {
      "MTOV": {
        "median": 2.2877306428971496,
        "lower_error": 0.32356998495908296,
        "upper_error": 0.4243872282413901,
        "width": 0.747957213200473,
        "credible_interval": "2.29^{+0.42}_{-0.32}"
      },
      "R14": {
        "median": 13.255608862314505,
        "lower_error": 1.083663111864169,
        "upper_error": 0.9052152804187905,
        "width": 1.9888783922829596,
        "credible_interval": "13.26^{+0.91}_{-1.08}"
      },
      "p3nsat": {
        "median": 100.40312504379793,
        "lower_error": 44.29204351234473,
        "upper_error": 75.5939189449771,
        "width": 119.88596245732184,
        "credible_interval": "100.40^{+75.59}_{-44.29}"
      }
    }
  },
  "outdir_GW231109_gaussian": {
    "label": "GW231109 (Gaussian)",
    "parameters": {
      "MTOV": {
        "median": 2.3010093162626055,
        "lower_error": 0.3300576360329619,
        "upper_error": 0.42475005724848014,
        "width": 0.754807693281442,
        "credible_interval": "2.30^{+0.42}_{-0.33}"
      },
      "R14": {
        "median": 13.365167813396646,
        "lower_error": 1.113677047705,
        "upper_error": 0.8876541247738636,
        "width": 2.0013311724788636,
        "credible_interval": "13.37^{+0.89}_{-1.11}"
      },
      "p3nsat": {
        "median": 103.12664377157256,
        "lower_error": 44.3295229024854,
        "upper_error": 80.39131636890906,
        "width": 124.72083927139445,
        "credible_interval": "103.13^{+80.39}_{-44.33}"
      }
    }
  },
  "outdir_GW231109_double_gaussian": {
    "label": "GW231109 (double Gaussian)",
    "parameters": {
      "MTOV": {
        "median": 2.2812569907033438,
        "lower_error": 0.3269515130414895,
        "upper_error": 0.41818073361927377,
        "width": 0.7451322466607633,
        "credible_interval": "2.28^{+0.42}_{-0.33}"
      },
      "R14": {
        "median": 13.29521849612862,
        "lower_error": 1.0319254790456114,
        "upper_error": 0.8599850487214269,
        "width": 1.8919105277670383,
        "credible_interval": "13.30^{+0.86}_{-1.03}"
      },
      "p3nsat": {
        "median": 100.18188631608422,
        "lower_error": 41.16101327626077,
        "upper_error": 77.79057462370693,
        "width": 118.9515878999677,
        "credible_interval": "100.18^{+77.79}_{-41.16}"
      }
    }
  },
  "outdir_GW231109_quniv": {
    "label": "GW231109 (QUR)",
    "parameters": {
      "MTOV": {
        "median": 2.3033279417811716,
        "lower_error": 0.32249927670437395,
        "upper_error": 0.4421509367322032,
        "width": 0.7646502134365771,
        "credible_interval": "2.30^{+0.44}_{-0.32}"
      },
      "R14": {
        "median": 13.334915088137407,
        "lower_error": 1.0470175553259988,
        "upper_error": 0.8234518967310009,
        "width": 1.8704694520569998,
        "credible_interval": "13.33^{+0.82}_{-1.05}"
      },
      "p3nsat": {
        "median": 103.38844315633123,
        "lower_error": 41.26012569617367,
        "upper_error": 86.77376796714508,
        "width": 128.03389366331874,
        "credible_interval": "103.39^{+86.77}_{-41.26}"
      }
    }
  },
  "outdir_GW231109_s040": {
    "label": "GW231109 ($a_i \\leq 0.4$)",
    "parameters": {
      "MTOV": {
        "median": 2.2884719843694894,
        "lower_error": 0.32228172420618706,
        "upper_error": 0.43677343057756746,
        "width": 0.7590551547837545,
        "credible_interval": "2.29^{+0.44}_{-0.32}"
      },
      "R14": {
        "median": 13.401600492754158,
        "lower_error": 1.0627795643355693,
        "upper_error": 0.796325811497077,
        "width": 1.8591053758326463,
        "credible_interval": "13.40^{+0.80}_{-1.06}"
      },
      "p3nsat": {
        "median": 103.2450828103203,
        "lower_error": 42.10425596759091,
        "upper_error": 77.10759623909286,
        "width": 119.21185220668377,
        "credible_interval": "103.25^{+77.11}_{-42.10}"
      }
    }
  },
  "outdir_GW231109_XAS": {
    "label": "GW231109 (\\texttt{XAS})",
    "parameters": {
      "MTOV": {
        "median": 2.3136563099106136,
        "lower_error": 0.34343245640555864,
        "upper_error": 0.37743741350012483,
        "width": 0.7208698699056835,
        "credible_interval": "2.31^{+0.38}_{-0.34}"
      },
      "R14": {
        "median": 13.265789812220785,
        "lower_error": 1.284924112103102,
        "upper_error": 0.7983437021050683,
        "width": 2.0832678142081704,
        "credible_interval": "13.27^{+0.80}_{-1.28}"
      },
      "p3nsat": {
        "median": 102.70429972606007,
        "lower_error": 47.73684221417781,
        "upper_error": 74.98675802905231,
        "width": 122.72360024323012,
        "credible_interval": "102.70^{+74.99}_{-47.74}"
      }
    }
  },
  "outdir_GW170817_GW231109": {
    "label": "GW170817+GW231109",
    "parameters": {
      "MTOV": {
        "median": 2.183615526917353,
        "lower_error": 0.27100245611729745,
        "upper_error": 0.3784425048179423,
        "width": 0.6494449609352397,
        "credible_interval": "2.18^{+0.38}_{-0.27}"
      },
      "R14": {
        "median": 12.075670559196249,
        "lower_error": 1.2355558406329017,
        "upper_error": 1.0956883965505178,
        "width": 2.3312442371834194,
        "credible_interval": "12.08^{+1.10}_{-1.24}"
      },
      "p3nsat": {
        "median": 78.03339344316912,
        "lower_error": 37.87118635137967,
        "upper_error": 64.7672440605529,