{
  "outdir": {
    "label": "Prior",
    "parameters": {
      "MTOV": {
        "median": 2.086996245183127,
        "lower_error": 0.8576450915078921,
        "upper_error": 0.7832348314593798,
        "width": 1.640879922967272,
        "credible_interval": "2.09^{+0.78}_{-0.86}"
      },
      "R14": {
        "median": 13.415987421620589,
        "lower_error": 3.493425396754347,
        "upper_error": 1.9042265735696073,
        "width": 5.397651970323954,
        "credible_interval": "13.42^{+1.90}_{-3.49}"
      },
      "p3nsat": {
        "median": 82.15865441628907,
        "lower_error": 65.71021418669181,
        "upper_error": 111.6915750654683,
        "width": 177.4017892521601,
        "credible_interval": "82.16^{+111.69}_{-65.71}"
      }
    }
  },
  "outdir_radio": {
    "label": "Radio timing",
    "parameters": {
      "MTOV": {
        "median": 2.2219074217553247,
        "lower_error": 0.25577613011082323,
        "upper_error": 0.3451086719193608,
        "width": 0.600884802030184,
        "credible_interval": "2.22^{+0.35}_{-0.26}"
      },
      "R14": {
        "median": 13.546028879964396,
        "lower_error": 1.4878307005372946,
        "upper_error": 1.183220643385427,
        "width": 2.6710513439227217,
        "credible_interval": "13.55^{+1.18}_{-1.49}"
      },
      "p3nsat": {
        "median": 97.67070006728628,
        "lower_error": 40.40909692696744,
        "upper_error": 58.5274987622368,
        "width": 98.93659568920424,
        "credible_interval": "97.67^{+58.53}_{-40.41}"
      }
    }
  },
  "outdir_GW170817": {
    "label": "GW170817",
    "parameters": {
      "MTOV": {
        "median": 2.188753134185527,
        "lower_error": 0.23233233275720044,
        "upper_error": 0.35786536694273785,
        "width": 0.5901976996999383,
        "credible_interval": "2.19^{+0.36}_{-0.23}"
      },
      "R14": {
        "median": 12.507028533748382,
        "lower_error": 1.3484850489219404,
        "upper_error": 1.4672721117890521,
        "width": 2.8157571607109926,
        "credible_interval": "12.51^{+1.47}_{-1.35}"
      },
      "p3nsat": {
        "median": 82.02148938250001,
        "lower_error": 37.389511219919996,
        "upper_error": 63.39771723005363,
        "width": 100.78722844997363,
        "credible_interval": "82.02^{+63.40}_{-37.39}"
      }
    }
  },
  "outdir_GW190425": {
    "label": "GW190425",
    "parameters": {
      "MTOV": {
        "median": 2.2411989445352756,
        "lower_error": 0.2762249129294594,
        "upper_error": 0.3719061526744607,
        "width": 0.6481310656039201,
        "credible_interval": "2.24^{+0.37}_{-0.28}"
      },
      "R14": {
        "median": 13.580334108749916,
        "lower_error": 1.4001069365256598,
        "upper_error": 1.0706245536783197,
        "width": 2.4707314902039794,
        "credible_interval": "13.58^{+1.07}_{-1.40}"
      },
      "p3nsat": {
        "median": 100.06027099323276,
        "lower_error": 40.59070997298956,
        "upper_error": 65.51554067760847,
        "width": 106.10625065059803,
        "credible_interval": "100.06^{+65.52}_{-40.59}"
      }
    }
  },
  "outdir_GW231109": {
    "label": "GW231109",
    "parameters": {
      "MTOV": {
        "median": 2.236071616120338,
        "lower_error": 0.26858395328910833,
        "upper_error": 0.3769911400229664,
        "width": 0.6455750933120747,
        "credible_interval": "2.24^{+0.38}_{-0.27}"
      },
      "R14": {
        "median": 13.603679820837858,
        "lower_error": 1.4839610707322635,
        "upper_error": 1.1228029084434272,
        "width": 2.6067639791756907,
        "credible_interval": "13.60^{+1.12}_{-1.48}"
      },
      "p3nsat": {
        "median": 100.65852656223957,
        "lower_error": 42.45917492257623,
        "upper_error": 64.63108533410862,
        "width": 107.09026025668484,
        "credible_interval": "100.66^{+64.63}_{-42.46}"
      }
    }
  },
  "outdir_GW231109_gaussian": {
    "label": "GW231109 (Gaussian)",
    "parameters": {
      "MTOV": {
        "median": 2.214873874680831,
        "lower_error": 0.2620490784007923,
        "upper_error": 0.31383507812765643,
        "width": 0.5758841565284487,
        "credible_interval": "2.21^{+0.31}_{-0.26}"
      },
      "R14": {
        "median": 13.470752316584475,
        "lower_error": 1.4210842282260217,
        "upper_error": 1.3023553474541014,
        "width": 2.723439575680123,
        "credible_interval": "13.47^{+1.30}_{-1.42}"
      },
      "p3nsat": {
        "median": 95.3746937588446,
        "lower_error": 38.920371277601596,
        "upper_error": 55.36895144407332,
        "width": 94.28932272167492,
        "credible_interval": "95.37^{+55.37}_{-38.92}"
      }
    }
  },
  "outdir_GW231109_double_gaussian": {
    "label": "GW231109 (double Gaussian)",
    "parameters": {
      "MTOV": {
        "median": 2.227134886912946,
        "lower_error": 0.27146224078872994,
        "upper_error": 0.32980770821333705,
        "width": 0.601269949002067,
        "credible_interval": "2.23^{+0.33}_{-0.27}"
      },
      "R14": {
        "median": 13.527423394809258,
        "lower_error": 1.3243253112513518,
        "upper_error": 1.1890779719735871,
        "width": 2.513403283224939,
        "credible_interval": "13.53^{+1.19}_{-1.32}"
      },
      "p3nsat": {
        "median": 96.27250428473212,
        "lower_error": 41.666364997797864,
        "upper_error": 60.17890173825904,
        "width": 101.84526673605691,
        "credible_interval": "96.27^{+60.18}_{-41.67}"
      }
    }
  },
  "outdir_GW231109_quniv": {
    "label": "GW231109 (QUR)",
    "parameters": {
      "MTOV": {
        "median": 2.221477763803107,
        "lower_error": 0.25231299888196546,
        "upper_error": 0.3621740980555441,
        "width": 0.6144870969375096,
        "credible_interval": "2.22^{+0.36}_{-0.25}"
      },
      "R14": {
        "median": 13.097538347788582,
        "lower_error": 1.5135747944428175,
        "upper_error": 1.4914582944460069,
        "width": 3.0050330888888244,
        "credible_interval": "13.10^{+1.49}_{-1.51}"
      },
      "p3nsat": {
        "median": 93.59671709412785,
        "lower_error": 51.388134627394216,
        "upper_error": 57.44261358242727,
        "width": 108.83074820982148,
        "credible_interval": "93.60^{+57.44}_{-51.39}"
      }
    }
  },
  "outdir_GW231109_s025": {
    "label": "GW231109 ($\\chi \\leq 0.25$)",
    "parameters": {
      "MTOV": {
        "median": 2.22142331627478,
        "lower_error": 0.2584507832802758,
        "upper_error": 0.3321665632951114,
        "width": 0.5906173465753872,
        "credible_interval": "2.22^{+0.33}_{-0.26}"
      },
      "R14": {
        "median": 13.636426798946374,
        "lower_error": 1.4185938296016083,
        "upper_error": 1.1972223781906983,
        "width": 2.6158162077923066,
        "credible_interval": "13.64^{+1.20}_{-1.42}"
      },
      "p3nsat": {
        "median": 96.61250209843625,
        "lower_error": 37.8791814933246,
        "upper_error": 60.01904617516452,
        "width": 97.89822766848911,
        "credible_interval": "96.61^{+60.02}_{-37.88}"
      }
    }
  },
  "outdir_GW231109_s040": {
    "label": "GW231109 ($\\chi \\leq 0.4$)",
    "parameters": {
      "MTOV": {
        "median": 2.2488750600152163,
        "lower_error": 0.2692354667504975,
        "upper_error": 0.38132119562410294,
        "width": 0.6505566623746004,
        "credible_interval": "2.25^{+0.38}_{-0.27}"
      },
      "R14": {
        "median": 13.787673243290623,
        "lower_error": 1.3870878749854878,
        "upper_error": 1.0600133987259213,
        "width": 2.447101273711409,
        "credible_interval": "13.79^{+1.06}_{-1.39}"
      },
      "p3nsat": {
        "median": 100.3502516919624,
        "lower_error": 39.734158453548474,
        "upper_error": 66.14165279847353,
        "width": 105.875811252022,