{
  "outdir_radio": {
    "label": "Heavy PSRs",
    "parameters": {
      "MTOV": {
        "median": 2.2515435612705117,
        "lower_error": 0.31245403351869405,
        "upper_error": 0.37894114626257025,
        "width": 0.6913951797812643,
        "credible_interval": "2.25^{+0.38}_{-0.31}"
      },
      "R14": {
        "median": 13.197182666205986,
        "lower_error": 1.1669398610582373,
        "upper_error": 0.984998715516122,
        "width": 2.1519385765743593,
        "credible_interval": "13.2^{+1.0}_{-1.2}"
      },
      "p3nsat": {
        "median": 98.01522109823091,
        "lower_error": 45.6563052887669,
        "upper_error": 62.000440216351734,
        "width": 107.65674550511864,
        "credible_interval": "98^{+62}_{-46}"
      }
    }
  },
  "outdir_GW170817": {
    "label": "GW170817",
    "parameters": {
      "MTOV": {
        "median": 2.1933456835408496,
        "lower_error": 0.2858658279016597,
        "upper_error": 0.37888162729116903,
        "width": 0.6647474551928287,
        "credible_interval": "2.19^{+0.38}_{-0.29}"
      },
      "R14": {
        "median": 12.213871646451382,
        "lower_error": 1.3722187163697281,
        "upper_error": 1.0604162264903678,
        "width": 2.432634942860096,
        "credible_interval": "12.2^{+1.1}_{-1.4}"
      },
      "p3nsat": {
        "median": 83.68306608757172,
        "lower_error": 46.72846024753511,
        "upper_error": 63.90271274640514,
        "width": 110.63117299394025,
        "credible_interval": "84^{+64}_{-47}"
      }
    }
  },
  "outdir_GW190425": {
    "label": "GW190425",
    "parameters": {
      "MTOV": {
        "median": 2.2847925537161418,
        "lower_error": 0.31101416830461637,
        "upper_error": 0.3963740277158774,
        "width": 0.7073881960204937,
        "credible_interval": "2.28^{+0.40}_{-0.31}"
      },
      "R14": {
        "median": 13.4856880195669,
        "lower_error": 0.9078442786851273,
        "upper_error": 0.6907331369569985,
        "width": 1.5985774156421257,
        "credible_interval": "13.5^{+0.7}_{-0.9}"
      },
      "p3nsat": {
        "median": 104.10696374344582,
        "lower_error": 38.548185361782586,
        "upper_error": 71.00384621247451,
        "width": 109.5520315742571,
        "credible_interval": "104^{+71}_{-39}"
      }
    }
  },
  "outdir_GW231109": {
    "label": "GW231109 (default)",
    "parameters": {
      "MTOV": {
        "median": 2.2877306428971496,
        "lower_error": 0.32356998495908296,
        "upper_error": 0.4243872282413901,
        "width": 0.747957213200473,
        "credible_interval": "2.29^{+0.42}_{-0.32}"
      },
      "R14": {
        "median": 13.255608862314505,
        "lower_error": 1.083663111864169,
        "upper_error": 0.9052152804187905,
        "width": 1.9888783922829596,
        "credible_interval": "13.3^{+0.9}_{-1.1}"
      },
      "p3nsat": {
        "median": 100.40312504379793,
        "lower_error": 44.29204351234473,
        "upper_error": 75.5939189449771,
        "width": 119.88596245732184,
        "credible_interval": "100^{+76}_{-44}"
      }
    }
  },
  "outdir_GW231109_gaussian": {
    "label": "GW231109 (Gaussian)",
    "parameters": {
      "MTOV": {
        "median": 2.3010093162626055,
        "lower_error": 0.3300576360329619,
        "upper_error": 0.42475005724848014,
        "width": 0.754807693281442,
        "credible_interval": "2.30^{+0.42}_{-0.33}"
      },
      "R14": {
        "median": 13.365167813396646,
        "lower_error": 1.113677047705,
        "upper_error": 0.8876541247738636,
        "width": 2.0013311724788636,
        "credible_interval": "13.4^{+0.9}_{-1.1}"
      },
      "p3nsat": {
        "median": 103.12664377157256,
        "lower_error": 44.3295229024854,
        "upper_error": 80.39131636890906,
        "width": 124.72083927139445,
        "credible_interval": "103^{+80}_{-44}"
      }
    }
  },
  "outdir_GW231109_double_gaussian_niu": {
    "label": "GW231109 (double Gaussian)",
    "parameters": {
      "MTOV": {
        "median": 2.2941904294693822,
        "lower_error": 0.33866452465405716,
        "upper_error": 0.3914794069208605,
        "width": 0.7301439315749176,
        "credible_interval": "2.29^{+0.39}_{-0.34}"
      },
      "R14": {
        "median": 13.454159987423086,
        "lower_error": 0.8628044508534494,
        "upper_error": 0.7656735705355313,
        "width": 1.6284780213889807,
        "credible_interval": "13.5^{+0.8}_{-0.9}"
      },
      "p3nsat": {
        "median": 101.72923113731963,
        "lower_error": 42.30751142441948,
        "upper_error": 78.88330331344844,
        "width": 121.19081473786792,
        "credible_interval": "102^{+79}_{-42}"
      }
    }
  },
  "outdir_GW231109_quniv": {
    "label": "GW231109 (QUR)",
    "parameters": {
      "MTOV": {
        "median": 2.3033279417811716,
        "lower_error": 0.32249927670437395,
        "upper_error": 0.4421509367322032,
        "width": 0.7646502134365771,
        "credible_interval": "2.30^{+0.44}_{-0.32}"
      },
      "R14": {
        "median": 13.334915088137407,
        "lower_error": 1.0470175553259988,
        "upper_error": 0.8234518967310009,
        "width": 1.8704694520569998,
        "credible_interval": "13.3^{+0.8}_{-1.0}"
      },
      "p3nsat": {
        "median": 103.38844315633123,
        "lower_error": 41.26012569617367,
        "upper_error": 86.77376796714508,
        "width": 128.03389366331874,
        "credible_interval": "103^{+87}_{-41}"
      }
    }
  },
  "outdir_GW231109_s040": {
    "label": "GW231109 ($a_i \\leq 0.4$)",
    "parameters": {
      "MTOV": {
        "median": 2.2884719843694894,
        "lower_error": 0.32228172420618706,
        "upper_error": 0.43677343057756746,
        "width": 0.7590551547837545,
        "credible_interval": "2.29^{+0.44}_{-0.32}"
      },
      "R14": {
        "median": 13.401600492754158,
        "lower_error": 1.0627795643355693,
        "upper_error": 0.796325811497077,
        "width": 1.8591053758326463,
        "credible_interval": "13.4^{+0.8}_{-1.1}"
      },
      "p3nsat": {
        "median": 103.2450828103203,
        "lower_error": 42.10425596759091,
        "upper_error": 77.10759623909286,
        "width": 119.21185220668377,
        "credible_interval": "103^{+77}_{-42}"
      }
    }
  },
  "outdir_GW231109_XAS": {
    "label": "GW231109 (\\texttt{XAS})",
    "parameters": {
      "MTOV": {
        "median": 2.3136563099106136,
        "lower_error": 0.34343245640555864,
        "upper_error": 0.37743741350012483,
        "width": 0.7208698699056835,
        "credible_interval": "2.31^{+0.38}_{-0.34}"
      },
      "R14": {
        "median": 13.265789812220785,
        "lower_error": 1.284924112103102,
        "upper_error": 0.7983437021050683,
        "width": 2.0832678142081704,
        "credible_interval": "13.3^{+0.8}_{-1.3}"
      },
      "p3nsat": {
        "median": 102.70429972606007,
        "lower_error": 47.73684221417781,
        "upper_error": 74.98675802905231,
        "width": 122.72360024323012,
        "credible_interval": "103^{+75}_{-48}"
      }
    }
  },
  "outdir_GW170817_GW231109_longer_sampling": {
    "label": "GW170817+GW231109",
    "parameters": {
      "MTOV": {
        "median": 2.2101875434415224,
        "lower_error": 0.3300585587485412,
        "upper_error": 0.41091779599188794,
        "width": 0.7409763547404291,
        "credible_interval": "2.21^{+0.41}_{-0.33}"
      },
      "R14": {
        "median": 12.18115799540794,
        "lower_error": 1.2404755531041278,
        "upper_error": 1.0459617332196558,
        "width": 2.2864372863237836,
        "credible_interval": "12.2^{+1.0}_{-1.2}"
      },
      "p3nsat": {
        "median": 82.17723505522233,
        "lower_error": 39.93409187535481,
        "upper_error": 72.04366315050018,
        "width": 111.97775502585499,
        "credible_interval": "82^{+72}_{-40}"
      }
    }
  },